n_int_features,n_float_features,n_string_features,n_datetime_features,n_unkown_features,n_categorical_features,n_noncateg_features,is_datetime_consistent,n_ordered_features,file_type,is_file_structured,is_file_semi_structured,is_file_unstructured,encoding,has_duplicated_rows,has_null_rows,has_null_feature_values,n_features,n_rows,n_rows_times_features,avg_ratio_duplication_noncateg_features,avg_ratio_duplication_categ_features,ratio_features_at_least_one_null,avg_ratio_null_values_features,avg_variance_numerical_features,avg_skewness_numerical_features,avg_kurtosis_numerical_features,avg_median_dev_numerical_features,avg_n_outliers_numerical_features,avg_unalikeability_categ_features,avg_margin_error_numerical_features,avg_gini_impurity_categ_features,time_diff_current_and_last_update,num_pii_entities,profiler_sample_size,ref_no_slash
21,13,0,0,0,18,16,1,2,csv,1,0,0,utf-8,0,0,0,34,34,1156,0.5741885625965998,0.042790085293949266,0.0,0.0,0.05824543629798769,0.2198517998686736,1.2879680856088558,0.07141706142428206,0.38235294117647056,0.5901926416928249,0.025943764705882357,0.5898885754168347,0,49.436,1941,uciml_faulty-steel-plates
3,0,0,1,0,2,2,1,1,csv,1,0,0,utf-8,0,0,0,4,4,16,0.6516209476309227,0.0015066500415627597,0.0,0.0,0.0,0.0,0.0,0.0,0.0,0.8449507552253775,0.0,0.8449331959827497,0,0.0,48120,fedesoriano_traffic-prediction-dataset
3,0,0,0,0,7,1,1,0,csv,1,0,0,utf-8,1,0,0,8,8,64,0.3435483870967742,0.04137590520079,0.0,0.0,0.0,0.0,0.0,0.0,0.0,0.6408008203987868,0.0,0.6406531704401656,0,4.776,4340,akshaydattatraykhare_car-details-dataset
3,0,0,1,0,10,1,1,1,csv,1,0,0,utf-8,0,0,1,11,11,121,1.0,0.004658979550389337,0.18005329272934906,4.347107438016528,0.0,0.0,0.0,0.0,0.0,0.6662593677258764,0.0,0.6659997885185577,0,0.0,2627,kaushiksuresh147_customer-segmentation
4,0,0,0,0,10,1,1,0,csv,1,0,0,utf-8,0,0,1,11,11,121,1.0,0.0015167272980958343,0.1738968765493307,13.074380165289256,0.0,0.0,0.0,0.0,0.0,0.6666938147912267,0.0,0.6666092652460245,0,0.0,8068,kaushiksuresh147_customer-segmentation
2,5,0,0,0,2,7,1,0,csv,1,0,0,utf-8,0,0,1,9,9,81,0.6564355981422765,0.00313,5.0e-6,0.024691358024691357,72.38691894328628,-2.7928792348536144,5305.241218110187,0.4332416789515974,0.7142857142857143,0.7364454916274581,0.047059014204039844,0.7364418094000033,0,1.665,200000,yasserh_uber-fares-dataset
8,4,0,0,0,7,9,1,0,csv,1,0,0,utf-8,0,0,1,16,16,256,0.5867542419266557,0.052096905679308254,0.0049261083743842365,0.00390625,7835.571096040913,-0.11968351905563572,0.44668957314038144,23.81595296717172,0.3333333333333333,0.579479987344581,0.04528675000000001,0.5766235340562236,0,17.182266009852217,203,tr1gg3rtrash_cars-2022-dataset
4,0,0,1,0,17,4,1,1,csv,1,0,0,utf-8,0,0,1,21,21,441,0.8865244524835586,0.0016029762446883487,1.0,426.43990929705217,0.0,0.0,0.0,0.0,0.0,0.5545944702274839,0.0,0.5545664479570003,0,42.0,45669,kukuroo3_nyc-motor-vehicle-collisions-to-person
0,6,0,1,0,2,6,1,2,csv,1,0,0,utf-8,0,0,0,8,8,64,0.6713143104193687,0.07684824902723736,0.0,0.0,0.46357443347906285,1.3390382485094774,30.46365674011849,0.2701057988987966,1.0,0.8258100675938045,0.038234912983333334,0.8255422951983429,0,2.824,3084,outofskills_driving-behavior
1,6,0,0,0,2,6,1,1,csv,1,0,0,utf-8,0,0,0,8,8,64,0.6616813025978777,0.07258507135016466,0.0,0.0,0.3987180726888649,0.05262338521731184,11.005926973524783,0.2517788589185331,0.8571428571428571,0.8307808337599468,0.029718069900000005,0.8305528478011733,0,11.056000000000001,3644,outofskills_driving-behavior
4,0,0,0,0,4,3,1,0,csv,1,0,0,utf-8,1,0,1,7,7,49,0.3056312538957461,0.03864278982092365,0.40999057492931196,8.877551020408164,0.0,0.0,0.0,0.0,0.0,0.5316513435171519,0.0,0.5311502583677484,0,4.1579999999999995,1061,nehalbirla_motorcycle-dataset
1,0,0,0,0,1,1,1,2,csv,1,0,0,utf-8,0,0,0,2,2,4,1.0,0.00002559967232419425,0.0,0.0,0.0,0.0,0.0,0.0,0.0,0.0,0.0,0.0,0,1.996,39063,ifteshanajnin_carinsuranceclaimprediction-classification
11,4,0,0,0,41,2,1,1,csv,1,0,0,utf-8,0,0,0,43,43,1849,1.0,0.00020729490760079247,0.0,0.0,0.01615787262169288,0.15398041177554805,0.2596986130431679,0.05063819065517424,0.26666666666666666,0.5656578559707963,0.00735188806000432,0.565643375315036,0,106.554,39063,ifteshanajnin_carinsuranceclaimprediction-classification
12,4,0,0,0,42,2,1,1,csv,1,0,0,utf-8,0,0,0,44,44,1936,1.0,0.00013613104990767462,0.0,0.0,0.01511571107808686,0.13804028548817462,0.15430917596042526,0.047379191508525834,0.25,0.5549241887190559,0.007033786721194381,0.5549147177300346,0,108.89999999999996,58592,ifteshanajnin_carinsuranceclaimprediction-classification
29,30,0,0,0,80,1,1,4,csv,1,0,0,utf-8,0,0,1,81,81,6561,1.0,0.0192628357352955,1.0,65.62962962962962,418.8972373729251,14.202743133390237,1136.06630930406,1.5766475619455473,0.5084745762711864,0.37263091076600396,0.011979684183162852,0.37240458362329265,0,79.67342384105962,38113,epa_fuel-economy
16,4,0,2,0,19,5,1,0,csv,1,0,0,utf-8,0,0,1,24,24,576,0.8260382916053018,0.007508517322242377,0.3136966126656848,1.8489583333333333,7.062660888902035,1.0688199512140681,25.16665728897608,0.545241888374673,0.2,0.5385324349613931,0.010941928055,0.53836695897074,0,24.528,3395,michaelbryantds_electric-vehicle-charging-dataset
4,2,0,0,0,8,1,1,0,csv,1,0,0,utf-8,1,0,0,9,9,81,0.7529778470444173,0.02579873093621285,0.0,0.0,17.118489628781006,0.4161392090314573,3.7874932033209365,1.1230030691991353,0.3333333333333333,0.7075006222131119,0.0021753333333333334,0.7074612422386023,0,3.735,17966,adhurimquku_ford-car-price-prediction
0,5,0,0,0,0,10,1,0,csv,1,0,0,utf-8,0,0,1,10,10,100,0.7328231871722404,0.0,0.4604966139954853,2.1,2450.2525933786046,-0.07754962596285994,-1.0061786226716456,26.00814876999997,1.0,0.0,0.07116125999999998,0.0,0,9.909706546275396,443,ramjasmaurya_semiconductor-shortages19852021
1,0,0,0,0,3,8,1,0,csv,1,0,0,utf-8,0,0,1,11,11,121,0.5989740896358544,0.07777777777777778,0.3111111111111111,0.5041322314049587,0.0,0.0,0.0,0.0,0.0,0.6992551210428305,0.0,0.6953703703703704,0,1.4666666666666666,180,kkhandekar_cheapest-electric-cars
2,0,0,1,0,15,0,1,2,csv,1,0,0,utf-8,1,0,1,15,15,225,0.0,0.07111639259823395,1.0,1015.8533333333332,0.0,0.0,0.0,0.0,0.0,0.49936634283534725,0.0,0.4993453428417893,0,0.03,91741,melihkanbay_police
6,4,0,0,0,13,2,1,1,csv,1,0,0,utf-8,0,0,0,15,15,225,0.5058139534883721,0.04683688404618637,0.0,0.0,2.7272618245734797,0.3200572438727642,0.5483057653077366,0.6490975108386637,0.4,0.796230470649075,0.02296,0.7953887893904614,0,1.0782241014799154,946,rinichristy_2022-fuel-consumption-ratings
32,0,0,0,0,33,1,1,1,csv,1,0,0,utf-8,1,0,0,34,34,1156,0.988,0.004060606060606063,0.0,0.0,0.0,0.0,0.0,0.0,0.0,0.15325317301269203,0.0,0.15294666666666668,0,1.7680000000000002,500,imohtn_video-games-rating-by-esrb
32,0,0,0,0,33,1,1,0,csv,1,0,0,utf-8,0,0,0,34,34,1156,1.0,0.0010873910610058359,0.0,0.0,0.0,0.0,0.0,0.0,0.0,0.14829431526792725,0.0,0.14821605969258803,0,1.4620000000000002,1895,imohtn_video-games-rating-by-esrb
4,6,0,0,0,14,1,1,1,csv,1,0,0,utf-8,0,0,1,15,15,225,0.6936150666054203,0.020840242514153434,0.5916398713826366,198.08444444444447,0.5600124180091182,9.032408366809856,332.2967899815201,0.1017667668337904,0.6,0.8897264935662961,0.010588,0.889654715476808,0,2.19,17416,kendallgillies_video-game-sales-and-ratings
16,82,0,0,0,55,51,1,1,csv,1,0,0,utf-8,0,0,0,106,106,11236,0.3952528379772962,0.07181818181818185,0.0,0.0,3.143596116562553,1.4816444627268195,4.984795163889575,0.4514964595069211,0.8367346938775511,0.8603158652207396,0.07055581632653062,0.8580518761017372,0,0.2789473684210526,380,saife245_english-premier-league
16,82,0,0,0,55,51,1,1,csv,1,0,0,utf-8,0,0,1,106,106,11236,0.4021502109150235,0.07621299616539741,0.013157894736842105,0.001156995372018512,4.781856526937762,1.4104832188350078,4.106125463611968,0.4649119623333658,0.8367346938775511,0.8636073322984962,0.0722932653061225,0.8613338264250111,0,0.0,380,saife245_english-premier-league
18,6,0,0,0,38,2,1,1,csv,1,0,0,utf-8,0,0,0,40,40,1600,0.6318713450292398,0.0268082486919052,0.0,0.0,0.08872994305888914,0.030910086571787964,0.24756732338246568,0.08851214452333572,0.25,0.6880514384148524,0.07002878687346158,0.6879508460992936,0,7.840000000000001,6840,saife245_english-premier-league
21,0,0,0,0,26,2,1,1,csv,1,0,0,utf-8,0,0,0,28,28,784,0.593421052631579,0.03198380566801619,0.0,0.0,0.0,0.0,0.0,0.0,0.0,0.7082728894491149,0.0,0.7064090134242489,0,1.3263157894736841,380,saife245_english-premier-league
21,0,0,0,0,26,2,1,1,csv,1,0,0,utf-8,0,0,1,28,28,784,0.6117830856825441,0.036032388663967616,0.002631578947368421,0.0012755102040816326,0.0,0.0,0.0,0.0,0.0,0.7106790723510622,0.0,0.708808864265928,0,24.16842105263158,380,saife245_english-premier-league
16,0,0,0,0,22,1,1,1,csv,1,0,0,utf-8,0,0,0,23,23,529,0.25526315789473686,0.032177033492822964,0.0,0.0,0.0,0.0,0.0,0.0,0.0,0.7206290792945425,0.0,0.7187326869806093,0,0.0,380,saife245_english-premier-league
16,0,0,0,0,22,1,1,1,csv,1,0,0,utf-8,0,0,0,23,23,529,0.25526315789473686,0.03229665071770335,0.0,0.0,0.0,0.0,0.0,0.0,0.0,0.7223258133340067,0.0,0.720424955930496,0,0.0,380,saife245_english-premier-league
16,0,0,0,0,22,1,1,1,csv,1,0,0,utf-8,0,0,0,23,23,529,0.26052631578947366,0.034688995215311005,0.0,0.0,0.0,0.0,0.0,0.0,0.0,0.7182329474441682,0.0,0.7163428607403675,0,0.0,380,saife245_english-premier-league
16,0,0,0,0,22,1,1,1,csv,1,0,0,utf-8,0,0,0,23,23,529,0.27631578947368424,0.03205741626794259,0.0,0.0,0.0,0.0,0.0,0.0,0.0,0.7220966784916238,0.0,0.7201964240745404,0,0.0,380,saife245_english-premier-league
16,0,0,0,0,22,1,1,1,csv,1,0,0,utf-8,0,0,0,23,23,529,0.25,0.03325358851674642,0.0,0.0,0.0,0.0,0.0,0.0,0.0,0.717757003446491,0.0,0.715868169226895,0,0.0,380,saife245_english-premier-league
16,0,0,0,0,22,1,1,1,csv,1,0,0,utf-8,0,0,0,23,23,529,0.25263157894736843,0.03229665071770335,0.0,0.0,0.0,0.0,0.0,0.0,0.0,0.7204434990089761,0.0,0.7185475950642156,0,0.0,380,saife245_english-premier-league
16,0,0,0,0,22,1,1,1,csv,1,0,0,utf-8,0,0,0,23,23,529,0.2578947368421053,0.03253588516746412,0.0,0.0,0.0,0.0,0.0,0.0,0.0,0.7203223037204428,0.0,0.7184267187106521,0,0.0,380,saife245_english-premier-league
19,45,0,0,0,48,23,1,1,csv,1,0,0,utf-8,0,0,0,71,71,5041,0.36819221967963384,0.07955043859649123,0.0,0.0,4.973457696708364,1.3169790819381704,3.0579712831681087,0.46440501385750943,0.703125,0.8281453964727118,0.06883921875000001,0.825966066481994,0,0.0,380,saife245_english-premier-league
19,45,0,0,0,51,20,1,1,csv,1,0,0,utf-8,0,0,0,71,71,5041,0.34750000000000003,0.08199174406604745,0.0,0.0,3.136788716445206,1.6401086357149746,5.66031303732826,0.3705759897682528,0.703125,0.8427214629776365,0.0681790625,0.8405037749171689,0,0.1868421052631579,380,saife245_english-premier-league
19,45,0,0,0,54,17,1,1,csv,1,0,0,utf-8,0,0,0,71,71,5041,0.3487616099071207,0.08859649122807017,0.0,0.0,3.4589999513448975,1.225291785507812,2.641360277929303,0.4143613087089168,0.703125,0.8588989697932904,0.0691284375,0.8566387093464652,0,0.0,380,saife245_english-premier-league
19,45,0,0,0,50,21,1,1,csv,1,0,0,utf-8,0,0,1,71,71,5041,0.3659739718689864,0.08370976253298153,0.005263157894736842,0.001190240031739734,2.4780383005645525,1.109957825266387,2.0109924792367444,0.4002483222586865,0.703125,0.8442481901029322,0.06517515624999999,0.8420259583174046,0,0.0,380,saife245_english-premier-league
19,39,0,0,0,45,20,1,1,csv,1,0,0,utf-8,0,0,1,65,65,4225,0.39394736842105266,0.0813718982140035,0.02631578947368421,0.014201183431952664,3.6594357133040534,1.071491023654557,1.9077548352688907,0.43606500953492416,0.6724137931034483,0.8377222049382532,0.06045827586206897,0.835508626916952,0,0.0,380,saife245_english-premier-league
19,39,0,0,0,42,23,1,1,csv,1,0,0,utf-8,0,0,1,65,65,4225,0.4061603762762417,0.07283231164983699,0.8947368421052632,0.24284023668639054,2.4782326586908137,1.046370829161725,1.9339937396583955,0.39667477271396906,0.6724137931034483,0.826929387379325,0.07145724137931037,0.8247527890274006,0,0.0,380,saife245_english-premier-league
19,36,0,0,0,44,18,1,1,csv,1,0,0,utf-8,0,0,1,62,62,3844,0.3803298924532087,0.07679883475779879,0.002631578947368421,0.0007804370447450572,1.6795073907770526,1.0483218309436972,2.3527083339188137,0.33829062777436536,0.6545454545454545,0.8323405158775244,0.058155272727272736,0.8301500003740366,0,0.1631578947368421,380,saife245_english-premier-league
19,39,0,0,0,35,30,1,1,csv,1,0,0,utf-8,0,0,0,65,65,4225,0.38456140350877205,0.05774436090225564,0.0,0.0,4.107971830821949,1.1386812763597018,2.5548582564637843,0.49335683452556417,0.6724137931034483,0.8027277957426548,0.058916034482758645,0.8006153541749108,0,0.0,380,saife245_english-premier-league
19,39,0,0,0,40,25,1,1,csv,1,0,0,utf-8,0,0,0,65,65,4225,0.42484210526315797,0.07289473684210526,0.0,0.0,6.136378487295824,1.1625800366382424,2.4470346707026196,0.47943696805303765,0.6724137931034483,0.8196045688098877,0.059908448275862086,0.8174477146814401,0,0.0,380,saife245_english-premier-league
19,36,0,0,0,27,35,1,1,csv,1,0,0,utf-8,0,0,0,62,62,3844,0.5489285714285715,0.07407407407407407,0.0,0.0,8.148068307599429,1.4455156761955277,4.326768713553213,0.46940839621003266,0.6545454545454545,0.7461710924761242,0.08747509090909092,0.7415075231481483,0,0.0,160,saife245_english-premier-league
16,82,0,0,0,54,52,1,1,csv,1,0,0,utf-8,0,0,0,106,106,11236,0.48335798816568054,0.10256410256410257,0.0,0.0,5.439674612350563,2.211526188034034,13.623194435049808,0.46980079588779844,0.8367346938775511,0.8576670076670078,0.08790306122448979,0.85436828840675,0,0.0,260,saife245_english-premier-league
17,0,0,0,0,0,18,1,0,csv,1,0,0,utf-8,0,0,1,18,18,324,0.9706209969367864,0.0,0.8372093023255814,1.1820987654320991,0.0,0.0,0.0,0.0,0.0,0.0,0.0,0.0,0,0.0,43,saife245_english-premier-league
18,6,0,0,0,38,2,1,1,csv,1,0,0,utf-8,0,0,0,40,40,1600,0.6318713450292398,0.0268082486919052,0.0,0.0,0.08872994305888914,0.030910086571787964,0.24756732338246568,0.08851214452333572,0.25,0.6880514384148524,0.07002878687346162,0.6879508460992936,0,8.68,6840,saife245_english-premier-league
18,6,0,0,0,30,10,1,1,csv,1,0,0,utf-8,0,0,0,40,40,1600,0.42552631578947375,0.014502923976608191,0.0,0.0,0.0982817190895288,0.07148772889966255,0.20521027384449866,0.0944161559136945,0.25,0.6090005082944411,0.1723167048409103,0.6084662973222529,0,8.04,1140,saife245_english-premier-league
93,1,0,0,0,97,0,1,6,csv,1,0,0,utf-8,1,0,0,97,97,9409,0.0,0.0013374016845534363,0.0,0.0,31.557850125497858,0.0016779187667565745,-0.012817396212685237,0.4617982333136092,0.010638297872340425,0.29102860073469616,0.00017064893617021277,0.29102622324428934,0,0.0,122410,christianlillelund_csgo-round-winner-classification
2,0,0,1,0,11,4,1,0,csv,1,0,0,utf-8,0,0,1,15,15,225,0.7060078208318521,0.06770466807412621,0.20474137931034483,0.44,0.0,0.0,0.0,0.0,0.0,0.7714933006882064,0.0,0.7698207057011671,0,4.621965165376494,464,isaienkov_nba2k20-player-dataset
3,0,0,0,0,2,2,1,1,csv,1,0,0,utf-8,0,0,0,4,4,16,0.9846984698469847,0.0007000700070007,0.0,0.0,0.0,0.0,0.0,0.0,0.0,0.7811147788113478,0.0,0.7810366595215377,0,0.0,9999,najeedosmani_wingo-color-prediction
7,0,0,0,0,8,3,1,0,csv,1,0,0,latin1,0,0,1,11,11,121,0.6674048758259284,0.08911656298398471,0.877511961722488,11.256198347107437,0.0,0.0,0.0,0.0,0.0,0.9579803291276253,0.0,0.9569660426474598,0,1.7709999999999997,1045,hamdallak_the-world-of-pokemons
0,0,0,0,0,0,2,1,0,csv,1,0,0,utf-8,0,0,0,2,2,4,0.9806034482758621,0.0,0.0,0.0,0.0,0.0,0.0,0.0,0.0,0.0,0.0,0.0,0,0.0,232,mylesoneill_pokemon-sun-and-moon-gen-7-stats
1,0,0,0,0,0,3,1,1,csv,1,0,0,utf-8,0,0,0,3,3,9,0.9271739130434783,0.0,0.0,0.0,0.0,0.0,0.0,0.0,0.0,0.0,0.0,0.0,0,0.02608695652173913,920,mylesoneill_pokemon-sun-and-moon-gen-7-stats
4,0,0,0,0,8,3,1,1,csv,1,0,0,utf-8,0,0,1,11,11,121,0.9923918212077983,0.02765318526347009,0.025677603423680456,0.1487603305785124,0.0,0.0,0.0,0.0,0.0,0.6260752140603318,0.0,0.6251790033166673,0,0.094151212553495,701,mylesoneill_pokemon-sun-and-moon-gen-7-stats
1,0,0,0,0,95,82,1,67,csv,1,0,0,utf-8,1,1,1,177,177,31329,0.46258178283137175,0.7215204431639741,0.998998998998999,3.4994733314181716,0.0,0.0,0.0,0.0,0.0,0.42123503200241724,0.0,0.37340127401178214,0,2639.1908970899717,999,mylesoneill_pokemon-sun-and-moon-gen-7-stats
0,5,0,0,0,5,1,1,1,csv,1,0,0,utf-8,0,0,0,6,6,36,1.0,0.12,0.0,0.0,0.0032000000000000023,0.0,0.12500000000000028,0.00007352941176469779,1.0,0.5066666666666667,0.25,0.4863999999999999,0,0.0,25,mylesoneill_pokemon-sun-and-moon-gen-7-stats
9,2,0,0,0,16,10,1,1,csv,1,0,0,utf-8,0,0,1,26,26,676,0.7320450316437678,0.08522442884965836,0.9839773798303487,6.448224852071006,0.007854647910090364,0.0,0.24848560629757202,0.00006277404267757972,0.18181818181818182,0.8888570813431413,0.015436363636363637,0.887757323273926,0,2.002,1061,mylesoneill_pokemon-sun-and-moon-gen-7-stats
0,18,0,0,0,20,0,1,0,csv,1,0,0,utf-8,0,0,1,20,20,400,0.0,0.020070806100217872,0.05555555555555555,0.045,0.48015101864553217,1.225255715678288,3.103752919869149,0.32728818137006666,1.0,0.6833362281735624,0.04766666666666668,0.6812185642432556,0,0.0,324,mylesoneill_pokemon-sun-and-moon-gen-7-stats
0,0,0,0,0,2,7,1,0,csv,1,0,0,utf-8,0,0,1,9,9,81,0.5944684207437615,0.033735104571984434,0.9857299670691547,43.46913580246913,0.0,0.0,0.0,0.0,0.0,0.49747028764559104,0.0,0.4968243090141943,0,0.7831912962235161,911,paultimothymooney_lord-of-the-rings-data
1,0,0,0,0,2,2,1,1,csv,1,0,0,utf-8,0,0,1,4,4,16,0.9865884325230512,0.025313807531380753,0.0016736401673640166,0.25,0.0,0.0,0.0,0.0,0.0,0.796309795068401,0.0,0.7959766110537285,0,0.07200000000000001,2390,paultimothymooney_lord-of-the-rings-data
4,0,0,0,0,2,5,1,3,csv,1,0,0,utf-8,0,0,0,7,7,49,0.735,0.10250000000000001,0.0,0.0,0.0,0.0,0.0,0.0,0.0,0.485,0.0,0.4825749999999997,0,2.73,200,surajjha101_fide-chess-rankings-updated
1,4,0,1,0,1,6,1,2,csv,1,0,0,utf-8,0,0,0,7,7,49,0.7982346181970125,0.00031338138514572234,0.0,0.0,588.9995873391678,0.3375783568255197,-0.9748980368550239,19.82069735117873,0.8,0.0,0.018863200000000004,0.0,0,5.369,3191,psycon_game-companies-historical-stock-price-2022-04
1,4,0,1,0,1,6,1,2,csv,1,0,0,utf-8,0,0,0,7,7,49,0.8922490337407291,0.00031338138514572234,0.0,0.0,1689.8606620005685,0.07436888719747047,-1.2067919547972772,39.12737425909095,0.8,0.0,0.028888999999999998,0.0,0,6.699,3191,psycon_game-companies-historical-stock-price-2022-04
1,4,0,1,0,1,6,1,2,csv,1,0,0,utf-8,0,0,0,7,7,49,0.8867126292698213,0.00031338138514572234,0.0,0.0,5961.342530083374,1.0271780771290682,0.31484996530054954,21.63320400620213,0.8,0.0,0.029075799999999995,0.0,0,0.14700000000000002,3191,psycon_game-companies-historical-stock-price-2022-04
1,4,0,1,0,1,6,1,2,csv,1,0,0,utf-8,0,0,0,7,7,49,0.7893416927899687,0.00031347962382445143,0.0,0.0,269.751302957583,0.4330875599156926,-0.6138882754217333,12.577690481185469,0.8,0.0,0.022838,0.0,0,0.301,3190,psycon_game-companies-historical-stock-price-2022-04
1,4,0,1,0,1,6,1,2,csv,1,0,0,utf-8,0,0,0,7,7,49,0.8713047111668232,0.00031338138514572234,0.0,0.0,2766.968796049364,0.49154070188273274,-0.8622090050836487,20.75127225655236,0.8,0.0,0.031740199999999996,0.0,0,5.88,3191,psycon_game-companies-historical-stock-price-2022-04
1,4,0,1,0,1,6,1,2,csv,1,0,0,utf-8,0,0,0,7,7,49,0.8824451410658307,0.00031347962382445143,0.0,0.0,424.41060519490463,0.5071757112803422,-0.5121541844313172,13.069267256026261,0.8,0.0,0.0291568,0.0,0,3.192,3190,psycon_game-companies-historical-stock-price-2022-04
1,4,0,1,0,1,6,1,2,csv,1,0,0,utf-8,0,0,0,7,7,49,0.648974358974359,0.0003846153846153846,0.0,0.0,31.399629283925965,0.22440788705071305,-0.9994718441383611,4.551462642684775,0.8,0.0,0.034852,0.0,0,1.099,2600,psycon_game-companies-historical-stock-price-2022-04
1,4,0,1,0,1,6,1,2,csv,1,0,0,utf-8,0,0,0,7,7,49,0.5281377032520326,0.00038109756097560977,0.0,0.0,6.210566058489765,0.8465188924777518,0.05606479371785689,0.9937732802846291,0.8,0.0,0.023168,0.0,0,2.1069999999999998,2624,psycon_game-companies-historical-stock-price-2022-04
3,2,0,0,0,2,5,1,0,csv,1,0,0,utf-8,0,0,0,7,7,49,0.6057233704292528,0.03577106518282989,0.0,0.0,8.714375406883984e13,6.148816871988443,113.1876620704412,0.0,0.4,0.8906387654045953,0.15641208183799998,0.889222805523189,0,0.3783783783783784,629,rankirsh_esports-earnings
2,1,0,1,0,4,1,1,1,csv,1,0,0,utf-8,0,0,0,5,5,25,0.6883617667679365,0.04396471138116382,0.0,0.0,3.554535157695055e11,7.833169273099192,241.08565688680744,2885.1241639412497,0.3333333333333333,0.9410710842101069,0.021535954413333332,0.9409611203068292,0,0.15500000000000003,8558,rankirsh_esports-earnings
9,0,0,0,0,5,8,1,1,csv,1,0,0,utf-8,0,0,0,13,13,169,0.4698795180722892,0.03132530120481928,0.0,0.0,0.0,0.0,0.0,0.0,0.0,0.7984907371421168,0.0,0.7952839470331122,0,5.847389558232932,249,rtatman_digidb
2,0,0,0,0,5,2,1,1,csv,1,0,0,utf-8,0,0,0,7,7,49,1.0,0.0351421188630491,0.0,0.0,0.0,0.0,0.0,0.0,0.0,0.7487595560375413,0.0,0.7468247768229741,0,0.144702842377261,387,rtatman_digidb
0,0,0,0,0,0,2,1,1,csv,1,0,0,utf-8,0,0,0,2,2,4,1.0,0.0,0.0,0.0,0.0,0.0,0.0,0.0,0.0,0.0,0.0,0.0,0,0.0,86,rtatman_digidb
42,0,0,1,0,14,57,1,1,csv,1,0,0,utf-8,0,0,1,71,71,5041,0.6857428004064318,0.11306231835635606,0.14285714285714285,0.06585994842293195,0.0,0.0,0.0,0.0,0.0,0.6498625796800043,0.0,0.6388460614036295,0,76.67465339712562,63,sophiahealy_genshin-impact-character-data
5,0,0,0,0,7,0,1,1,csv,1,0,0,utf-8,0,0,1,7,7,49,0.0,0.09995462930588037,0.6886160714285714,38.55102040816327,0.0,0.0,0.0,0.0,0.0,0.9172589428022746,0.0,0.9155797825749022,0,0.2734375,896,ramjasmaurya_commonwealth-games-2022
1,0,0,0,0,4,1,1,1,csv,1,0,0,utf-8,0,0,1,5,5,25,0.9991175821751599,0.008990410423589761,0.00022060445621001543,0.04,0.0,0.0,0.0,0.0,0.0,0.8311612731509982,0.0,0.83097790372852,0,0.32,4533,ramjasmaurya_commonwealth-games-2022
0,0,0,0,0,6,1,1,1,csv,1,0,0,utf-8,0,0,0,7,7,49,0.7958921694480102,0.03594351732991014,0.0,0.0,0.0,0.0,0.0,0.0,0.0,0.7837936476920797,0.0,0.7832905708963854,0,2.044,1558,ramjasmaurya_commonwealth-games-2022
0,0,0,0,0,0,4,1,0,csv,1,0,0,utf-8,0,0,0,4,4,16,1.0,0.0,0.0,0.0,0.0,0.0,0.0,0.0,0.0,0.0,0.0,0.0,0,0.25,16,ramjasmaurya_commonwealth-games-2022
0,2,0,0,0,0,4,1,0,csv,1,0,0,utf-8,0,0,0,4,4,16,0.9861111111111112,0.0,0.0,0.0,7.3430664549415114,0.01891669280981878,4.456253105789245,0.0540746046361121,1.0,0.0,0.39967263195,0.0,0,1.7777777777777777,18,ramjasmaurya_commonwealth-games-2022
5,0,0,0,0,0,6,1,2,csv,1,0,0,utf-8,0,0,0,6,6,36,0.562015503875969,0.0,0.0,0.0,0.0,0.0,0.0,0.0,0.0,0.0,0.0,0.0,0,0.27906976744186046,43,ramjasmaurya_commonwealth-games-2022
2,0,0,0,0,4,1,1,1,csv,1,0,0,utf-8,0,0,0,5,5,25,1.0,0.0026278149219971397,0.0,0.0,0.0,0.0,0.0,0.0,0.0,0.569133431385679,0.0,0.5691271209328328,0,4.505,90189,yufengsui_mobile-games-ab-testing
1,1,0,0,0,5,11,1,1,csv,1,0,0,utf-8,0,0,1,16,16,256,0.8142572062084258,0.07379094156565383,0.262,1.359375,0.038247979999999425,0.53151374795674,0.7619816813560831,0.10017858094690642,0.5,0.9358203728743577,0.0175,0.9348456688023784,0,30.112000000000005,1000,ramjasmaurya_top-250s-in-imdb
0,1,0,0,0,4,9,1,1,csv,1,0,0,utf-8,0,0,1,13,13,169,0.9010270664184787,0.08657724604712556,0.551,3.9644970414201177,0.12414095867768543,0.4369326649053775,-0.31647677338209634,0.29940432786885196,1.0,0.8903064515021611,0.049,0.8891847352653038,0,19.921951754632115,1000,ramjasmaurya_top-250s-in-imdb
3,1,0,0,0,2,14,1,2,csv,1,0,0,utf-8,0,0,1,16,16,256,0.7559780747418576,0.048,0.216,0.265625,0.013712360000000005,0.41518126272278255,0.8507834202969988,0.024896336206896526,0.25,0.7900401606425702,0.00575,0.7868799999999999,0,33.408,250,ramjasmaurya_top-250s-in-imdb
1,1,0,0,0,2,11,1,1,csv,1,0,0,utf-8,0,0,1,13,13,169,0.8234457478005864,0.05,0.008,0.01183431952662722,0.041617919999999954,0.21097635910955165,0.21379586856152932,0.09987563352826502,0.5,0.7536546184738956,0.025,0.75064,0,22.100000000000005,250,ramjasmaurya_top-250s-in-imdb
2,1,0,0,0,3,10,1,1,csv,1,0,0,utf-8,0,0,1,13,13,169,0.8428992333477453,0.07092139988525531,0.4,1.136094674556213,0.02027644715407812,0.2648585121807185,0.005123911237419065,0.06659587636932733,0.3333333333333333,0.8210373160521462,0.02266666666666667,0.817590134124455,0,36.49746779602175,250,ramjasmaurya_top-250s-in-imdb
3,0,0,0,0,4,8,1,1,csv,1,0,0,latin1,0,0,1,12,12,144,0.64075,0.0326782025240239,0.00005882352941176471,0.006944444444444444,0.0,0.0,0.0,0.0,0.0,0.942408074039959,0.0,0.9423526374078766,0,9.059999999999999,17000,rankirsh_evolution-of-top-games-on-twitch
8,1,0,0,0,2,7,1,1,csv,1,0,0,utf-8,0,0,0,9,9,81,0.9915966386554622,0.11764705882352941,0.0,0.0,0.2772225390234524,-0.029498643158700592,-0.060653064227871166,0.13845999999999983,0.1111111111111111,0.8990196078431373,0.013722222222222222,0.8884429065743944,0,23.717647058823527,85,rankirsh_evolution-of-top-games-on-twitch
11,2,0,0,0,21,2,1,2,csv,1,0,0,utf-8,1,0,1,23,23,529,0.5891332422246773,0.031065746229628384,0.8783465806977563,503.6710775047258,0.7334383208973173,0.0027497976253720515,263.7786721004905,0.002183320916809734,0.15384615384615385,0.8270317902510965,0.0012441357053846155,0.8270095571891415,0,44.344,53973,san-francisco_sf-restaurant-scores-lives-standard
28,2,0,0,0,84,11,1,78,json,0,1,0,utf-8,0,0,1,95,95,9025,0.945788770053476,0.9112486298867369,0.9964285714285714,2.8411080332409986,2.857967861608848e11,-0.031542588717855265,-0.1,76924.53257030745,0.06666666666666667,0.0877398390186114,0.2559666666666667,0.07497694025532671,0,106.9853918992346,280,san-francisco_sf-restaurant-scores-lives-standard
76,0,0,0,0,86,4,1,1,csv,1,0,0,utf-8,1,0,1,90,90,8100,0.9788681204569055,0.006640379989058145,0.9641744548286605,4.59679012345679,0.0,0.0,0.0,0.0,0.0,0.8998404949519945,0.0,0.8997692869196657,0,183.33000000000004,19260,cashncarry_fifa-22-complete-player-dataset
10,2,0,0,0,11,3,1,0,csv,1,0,0,utf-8,0,0,0,14,14,196,0.7647593097184378,0.053505078028238784,0.0,0.0,0.4224800667339821,0.004800369662667012,0.020069456981361495,0.1833804129763823,0.16666666666666666,0.9245735473473373,0.005575,0.9233139103618503,0,12.58855585831063,734,cashncarry_fifa-22-complete-player-dataset
0,0,0,0,0,1,5,1,0,csv,1,0,0,utf-8,0,0,0,6,6,36,0.6142465753424657,0.07579908675799087,0.0,0.0,0.0,0.0,0.0,0.0,0.0,0.6522918701426628,0.0,0.6516961698046323,0,1.6740000000000004,1095,iamsouravbanerjee_computer-games-dataset
3,2,0,0,0,7,11,1,1,csv,1,0,0,latin1,0,0,1,18,18,324,0.6414884135472371,0.07843137254901959,0.058823529411764705,0.009259259259259259,2.89287308383368,-0.3847953839620565,-0.06958115605652546,0.37934056763166524,0.4,0.5531652661064426,0.22118381039999999,0.5423188883396497,0,6.352941176470588,51,zusmani_sacred-games
3,0,0,1,0,4,2,1,0,csv,1,0,0,utf-8,1,0,0,6,6,36,0.2942652329749104,0.06577060931899642,0.0,0.0,0.0,0.0,0.0,0.0,0.0,0.9422985349398085,0.0,0.9416230521190636,0,3.8160000000000003,1395,kukuroo3_youtube-episodic-contents-kr
5,0,0,1,0,4,4,1,1,csv,1,0,0,utf-8,1,0,0,8,8,64,0.5633675416091047,0.020475626603512924,0.0,0.0,0.0,0.0,0.0,0.0,0.0,0.6655856890474656,0.0,0.6655419033959213,0,13.991999999999999,15201,kukuroo3_youtube-episodic-contents-kr
4,0,0,1,0,7,1,1,1,csv,1,0,0,utf-8,0,0,0,8,8,64,0.27211059591275977,0.0023919923456244938,0.0,0.0,0.0,0.0,0.0,0.0,0.0,0.8574270594679881,0.0,0.8573534353000791,0,0.016,11646,evangower_premier-league-matches-19922022
7,0,0,0,0,6,2,1,0,csv,1,0,0,utf-8,1,0,0,8,8,64,0.5985645933014354,0.1105263157894737,0.0,0.0,0.0,0.0,0.0,0.0,0.0,0.9696089754165981,0.0,0.9686811199377314,0,0.44800000000000006,1045,shubhamchambhare_pokemons-and-there-stats
7,0,0,0,0,6,2,1,0,csv,1,0,0,utf-8,1,0,0,8,8,64,0.5330143540669856,0.1105263157894737,0.0,0.0,0.0,0.0,0.0,0.0,0.0,0.9696089754165981,0.0,0.9686811199377314,0,0.22399999999999998,1045,shubhamchambhare_pokemons-and-there-stats
12,0,0,0,0,12,2,1,1,csv,1,0,0,utf-8,0,0,0,14,14,196,0.9985244406288566,0.019584697107903632,0.0,0.0,0.0,0.0,0.0,0.0,0.0,0.8955207564935793,0.0,0.8954727058010593,0,3.849999999999999,18637,ahmedalghafri_lichess-chess-games-statistics
1,2,0,1,0,4,4,1,0,csv,1,0,0,utf-8,0,0,1,8,8,64,0.9114546389479136,0.01982546006450389,0.01859229747675963,3.0625,3632560631.114786,3.533529463710426,85.1664634385235,2763.2629305830546,0.6666666666666666,0.987057930742018,0.029513507333333338,0.9868706687555373,0,1.264,5271,jackogozaly_steam-player-data
6,6,0,1,0,17,1,1,2,csv,1,0,0,utf-8,0,0,1,18,18,324,1.0,0.007292811455343665,0.45494437815158395,140.78703703703707,2.632066427861486,1.5941508636464947,7.5183822673734175,0.31020735149550244,0.5,0.8893778210922088,0.008125,0.8893371610061278,0,24.605999999999998,25979,caesarlupum_betsstrategy
0,0,0,0,0,1,0,1,1,csv,1,0,0,utf-8,1,1,1,1,1,1,0.0,1.0,0.9999508430418326,20342.0,0.0,0.0,0.0,0.0,0.0,0.0,0.0,0.0,0,0.0,20343,andrewmvd_board-games
2,2,0,0,0,6,3,1,0,csv,1,0,0,utf-8,0,0,1,9,9,81,0.6287156150637379,0.06868241614473168,0.9146757679180887,5.246913580246914,14.586773797199546,-0.022641986706162964,-0.3444563924159298,1.277480801282051,0.5,0.8328448013704163,0.1557,0.8296024910396717,0,0.3766770624926445,293,elmartini_skyrim-weapons-dataset
1,0,0,0,0,2,4,1,1,csv,1,0,0,utf-8,0,0,1,6,6,36,0.9691997009957061,0.0270574087629405,0.183206106870229,1.4444444444444444,0.0,0.0,0.0,0.0,0.0,0.7963548696365746,0.0,0.7930246820141524,0,3.0458015267175576,262,jackdaoud_esports-earnings-for-players-teams-by-game
1,1,0,0,0,3,5,1,0,csv,1,0,0,utf-8,0,0,1,8,8,64,0.8874591914694809,0.02366666666666667,0.067,2.046875,2.3839767675671225e11,2.4292179258391093,15.542674425701595,51716.80964608834,0.5,0.8424197530864198,0.04644776875,0.8415773333333331,0,1.3850940170940171,1000,jackdaoud_esports-earnings-for-players-teams-by-game
2,1,0,0,0,3,3,1,0,csv,1,0,0,utf-8,0,0,0,6,6,36,0.6695402298850576,0.0574712643678161,0.0,0.0,1.2050734190816226e12,3.409784776040548,46.174054728824615,30963.12356955213,0.3333333333333333,0.8717420550781783,0.0529932351,0.8708026778636548,0,1.4094827586206897,928,jackdaoud_esports-earnings-for-players-teams-by-game
0,0,0,0,0,0,1,1,0,csv,1,0,0,utf-8,0,0,0,1,1,1,1.0,0.0,0.0,0.0,0.0,0.0,0.0,0.0,0.0,0.0,0.0,0.0,0,0.248,17981,aayushmishra1512_fifa-2021-complete-player-data
1,5,0,1,0,0,7,1,1,csv,1,0,0,utf-8,0,0,0,7,7,49,0.7532549160456137,0.0,0.0,0.0,166.0585903866515,3.9364690046849655,85.26533727619515,7.265262000632902,0.8333333333333334,0.0,0.12471674438248959,0.0,0,3.0380000000000003,4773,hananxx_gamestop-historical-stock-prices
16,23,0,0,0,36,8,1,1,csv,1,0,0,utf-8,0,0,1,44,44,1936,0.5645591085271318,0.025837042695385934,0.4689922480620155,0.25,248493.72068830548,1.695490063283689,30.227421401787208,1.4955144453355962,0.5897435897435898,0.6424696801017846,0.038706025664272496,0.6418253533064878,0,56.012,1032,maca11_all-pokemon-dataset
30,0,0,0,0,30,6,1,2,csv,1,0,0,utf-8,0,0,1,36,36,1296,0.2658333333333333,0.05116666666666668,0.75,0.11574074074074076,0.0,0.0,0.0,0.0,0.0,0.8044522613065326,0.0,0.8004299999999999,0,0.0,200,lumins_settlers-of-catan-games
16,0,0,0,0,21,1,1,0,csv,1,0,0,utf-8,0,0,0,22,22,484,0.3236842105263158,0.03383458646616542,0.0,0.0,0.0,0.0,0.0,0.0,0.0,0.758349038823973,0.0,0.7563533834586463,0,0.0,380,evangower_premier-league-match-data
4,0,0,0,0,5,0,1,1,csv,1,0,0,utf-8,0,0,0,5,5,25,0.0,0.07,0.0,0.0,0.0,0.0,0.0,0.0,0.0,0.9670279453574647,0.0,0.9657555401662046,0,0.0,760,evangower_premier-league-match-data
2,2,0,0,0,4,3,1,0,csv,1,0,0,latin1,0,0,1,7,7,49,0.6476868727095834,0.0418611034861378,0.01503777345474943,25.714285714285715,178949995.34104094,11.002001714335508,1048.9370772936202,53.1377797928177,0.5,0.9462859494889667,0.01258302105,0.9462746558114645,0,0.784,83789,michau96_popularity-of-games-on-steam
4,0,0,1,0,5,2,1,2,csv,1,0,0,utf-8,0,0,0,7,7,49,0.6554706355591311,0.0035800482703137572,0.0,0.0,0.0,0.0,0.0,0.0,0.0,0.8658481479973178,0.0,0.8657900997170824,0,1.197,14916,themarkgreen_big-data-derby-2022-global-horse-ids-and-places
2,0,0,0,0,0,3,1,2,csv,1,0,0,utf-8,0,0,0,3,3,9,1.0,0.0,0.0,0.0,0.0,0.0,0.0,0.0,0.0,0.0,0.0,0.0,0,0.054,4638,themarkgreen_big-data-derby-2022-global-horse-ids-and-places
0,1,0,0,0,1,6,1,1,csv,1,0,0,utf-8,0,0,1,7,7,49,0.6529222336416581,0.17142857142857143,0.2057142857142857,0.7346938775510204,24.46607869387767,4.808478274873014,28.687433767542675,0.5095048701298698,1.0,0.7668308702791461,0.106,0.7624489795918369,0,0.7703597122302159,175,khaiid_most-selling-pc-games
10,2,0,0,0,6,8,1,2,csv,1,0,0,utf-8,0,0,0,14,14,196,0.7435661764705882,0.09068627450980392,0.0,0.0,190.72881477031066,0.04626729268131478,0.1790963368423144,2.571200937500002,0.16666666666666666,0.6777596223674655,0.06237999999999999,0.6727760957324106,0,1.9558823529411766,136,anandkumarsahu09_ipl-player-stats-20162022
10,2,0,0,0,6,8,1,2,csv,1,0,0,utf-8,0,0,0,14,14,196,0.7176573426573426,0.08741258741258741,0.0,0.0,188.7510536342446,0.022269819520838518,0.029020508870798285,2.997193333333334,0.16666666666666666,0.671755474572376,0.060055833333333336,0.6670578838411009,0,1.2727272727272727,143,anandkumarsahu09_ipl-player-stats-20162022
10,2,0,0,0,5,9,1,2,csv,1,0,0,utf-8,0,0,0,14,14,196,0.6900161030595814,0.07826086956521738,0.0,0.0,229.3293934664462,0.0720714343720855,0.1407758413604464,3.105146726190476,0.16666666666666666,0.635142282873162,0.06186250000000001,0.6305398025624868,0,1.927536231884058,138,anandkumarsahu09_ipl-player-stats-20162022
10,2,0,0,0,6,8,1,2,csv,1,0,0,utf-8,0,0,0,14,14,196,0.7065972222222222,0.0925925925925926,0.0,0.0,290.8725099725919,0.10675906405871055,0.23753585582947645,3.329362083333333,0.16666666666666666,0.6708430458430459,0.06834166666666668,0.6661844135802472,0,1.9444444444444442,144,anandkumarsahu09_ipl-player-stats-20162022
10,2,0,0,0,6,8,1,2,csv,1,0,0,utf-8,0,0,0,14,14,196,0.7349624060150377,0.09649122807017545,0.0,0.0,191.3552592957959,0.044074909379910154,0.2773730404226294,2.8327990277777766,0.16666666666666666,0.6776220855168223,0.0694075,0.6725271826181994,0,1.8947368421052628,133,anandkumarsahu09_ipl-player-stats-20162022
10,2,0,0,0,6,8,1,2,csv,1,0,0,utf-8,0,0,0,14,14,196,0.7114093959731543,0.08165548098434004,0.0,0.0,199.7115463650288,0.05012695449103408,0.13255548906064207,2.7684483333333336,0.16666666666666666,0.6628121410000606,0.065455,0.6583637373691876,0,2.2550335570469797,149,anandkumarsahu09_ipl-player-stats-20162022
10,2,0,0,0,6,8,1,2,csv,1,0,0,utf-8,0,0,1,14,14,196,0.7369829244829245,0.08436213991769548,0.04938271604938271,0.04081632653061224,185.1868398074661,0.17428843387541185,0.7270551713066736,2.82288607142857,0.08333333333333333,0.6808782557574827,0.047529999999999996,0.6766753035614489,0,3.1111111111111107,162,anandkumarsahu09_ipl-player-stats-20162022
8,3,0,0,0,4,9,1,2,csv,1,0,0,utf-8,0,0,0,13,13,169,0.7635658914728681,0.11046511627906976,0.0,0.0,90.06078366807611,0.42437997922990467,1.1182426058118584,1.466590909090909,0.2727272727272727,0.5347469220246238,0.07481818181818181,0.5285289345592212,0,2.1162790697674416,86,anandkumarsahu09_ipl-player-stats-20162022
8,3,0,0,0,4,9,1,2,csv,1,0,0,utf-8,0,0,0,13,13,169,0.7728395061728395,0.10277777777777777,0.0,0.0,115.07904582940517,0.7431548334406396,4.0892766169141375,1.2865772727272728,0.2727272727272727,0.5166042446941324,0.06826363636363636,0.5108641975308643,0,1.7333333333333334,90,anandkumarsahu09_ipl-player-stats-20162022
8,3,0,0,0,3,10,1,2,csv,1,0,0,utf-8,0,0,0,13,13,169,0.7378048780487807,0.08536585365853659,0.0,0.0,32.64816348629063,0.4205376091086613,1.048260024808426,1.3450846969696968,0.2727272727272727,0.3685636856368564,0.08092727272727274,0.364069006543724,0,2.5365853658536586,82,anandkumarsahu09_ipl-player-stats-20162022
8,3,0,0,0,4,9,1,2,csv,1,0,0,utf-8,0,0,0,13,13,169,0.789272030651341,0.11206896551724138,0.0,0.0,71.81750418333154,0.5691507229298576,2.3119061561104477,1.36618,0.2727272727272727,0.5091553060678964,0.07412727272727274,0.5033029462280355,0,1.793103448275862,87,anandkumarsahu09_ipl-player-stats-20162022
8,3,0,0,0,2,11,1,2,csv,1,0,0,utf-8,0,0,0,13,13,169,0.6853146853146854,0.03205128205128205,0.0,0.0,62.255893725718714,0.39506526302585043,0.697462874909613,1.682455353535353,0.2727272727272727,0.07459207459207459,0.07443636363636363,0.07363576594345822,0,1.3333333333333335,78,anandkumarsahu09_ipl-player-stats-20162022
8,3,0,0,0,4,9,1,2,csv,1,0,0,utf-8,0,0,0,13,13,169,0.7715355805243446,0.10955056179775281,0.0,0.0,48.89872394440555,0.3190125756187984,0.6363568115492768,1.4921906060606067,0.2727272727272727,0.5309627170582227,0.07919090909090909,0.5249968438328494,0,2.1910112359550564,89,anandkumarsahu09_ipl-player-stats-20162022
7,4,0,0,0,4,9,1,2,csv,1,0,0,utf-8,0,0,0,13,13,169,0.7982740021574973,0.09466019417475728,0.0,0.0,64.85309762208762,0.3720955464523426,0.46427419576613294,2.686263636363636,0.36363636363636365,0.5644869598324767,0.09262727272727272,0.5590065039117732,0,2.7766990291262132,103,anandkumarsahu09_ipl-player-stats-20162022
2,1,0,0,0,13,4,1,1,csv,1,0,0,utf-8,0,0,1,17,17,289,0.8646589434216219,0.013702369468142545,0.6827861366149113,109.2491349480969,0.5085324423057741,-0.36344162353831116,0.6458590691814656,0.23440945273631852,0.3333333333333333,0.45767167055700053,0.0031,0.457639199976302,0,4.046,20803,muhammadadiltalay_imdb-video-games
11,1,0,0,0,6,10,1,1,csv,1,0,0,utf-8,0,0,0,16,16,256,0.6849999999999999,0.08333333333333333,0.0,0.0,99759.11971519659,0.11593236827233845,0.07186732588692339,28.3186425,0.08333333333333333,0.7056434599156117,0.016180833333333335,0.6968229166666666,0,0.6000000000000001,80,johnharshith_fortnite-statistics-corresponding-to-mental-state
10,493,0,0,0,201,492,1,1,csv,1,0,0,utf-8,0,0,1,693,693,480249,0.9369694524151128,0.022225294661013546,0.4264705882352941,0.0022904784809546714,13.344418885646897,0.8194721824074281,4.622501610317587,0.7317301424999926,0.9801192842942346,0.12279868167355332,0.11348426502687582,0.12273313339531347,0,2309.0760000000105,1904,raghadalharbi_breast-cancer-gene-expression-profiles-metabric
0,1,0,1,0,3,1,1,1,csv,1,0,0,utf-8,0,0,0,4,4,16,0.25,0.11292270531400966,0.0,0.0,313.555511591248,3.5937499820874708,12.719859239047286,0.0,1.0,0.9515154703350079,0.2012,0.9497917104249803,0,0.057971014492753624,552,sandhyakrishnan02_omicron-variant-of-covid19
2,0,0,0,0,16,4,1,0,csv,1,0,0,utf-8,0,0,1,20,20,400,0.5386862543845252,0.007620665094489585,0.79353,2086.8875,0.0,0.0,0.0,0.0,0.0,0.8001023087423349,0.0,0.8001004411670251,0,22.656513026052107,500000,noaa_deep-sea-corals
2,2,0,0,0,2,14,1,0,csv,1,0,0,utf-8,0,0,1,16,16,256,0.7813407659662828,0.0022412785032157475,0.9582927304618982,37.98828125,363684.46417067555,2.8163295850016197,65.7131888452746,8.719869322499827,0.5,0.6506643294609117,0.01922665,0.6505375190283524,0,48.45938738738739,5131,camnugent_genome-information-for-sequenced-organisms
2,2,0,0,0,4,12,1,2,csv,1,0,0,utf-8,0,0,1,16,16,256,0.7801634000046261,0.2518179873810288,1.0,38.4375,42.57117196340514,0.12018628257221076,-0.027948947437379745,3.2285362216899873,0.5,0.35226709145465873,0.015697299999999997,0.3522294198589522,0,47.656208416833664,9351,camnugent_genome-information-for-sequenced-organisms
2,2,0,0,0,5,11,1,1,csv,1,0,0,utf-8,0,0,1,16,16,256,0.8174858945596596,0.03484192837117271,0.9993208367291497,88.76953125,35.823257586886925,0.7094209870432405,1.1239190930079517,1.8978453079630941,0.5,0.6350350864531972,0.019926075,0.6347303098868164,0,61.64766548892908,7362,camnugent_genome-information-for-sequenced-organisms
1,0,0,0,0,2,4,1,1,csv,1,0,0,utf-8,0,0,0,6,6,36,0.665,0.19666666666666666,0.0,0.0,0.0,0.0,0.0,0.0,0.0,0.9553020134228187,0.0,0.9489333333333332,0,0.48000000000000004,150,thedevastator_canine-intelligence-and-size
3,0,0,0,0,4,2,1,4,csv,1,0,0,utf-8,0,0,1,6,6,36,1.0,0.04308823529411765,0.08088235294117647,0.3055555555555555,0.0,0.0,0.0,0.0,0.0,0.7924344296858529,0.0,0.7864831366782008,0,0.4411764705882353,136,thedevastator_canine-intelligence-and-size
2,0,0,5,0,20,11,1,3,csv,1,0,0,utf-8,0,0,1,31,31,961,0.4667894533000533,0.32755245645319053,1.0,24.7627471383975,0.0,0.0,0.0,0.0,0.0,0.6647055419770344,0.0,0.6204960768079719,0,4.230102675718658,1133,hanzlanawaz_monkeypox-outbreak
3,9,0,0,0,6,8,1,3,csv,1,0,0,utf-8,0,0,1,14,14,196,0.5729905713218821,0.0932315233785822,0.028846153846153848,0.015306122448979591,7.7582443342311,0.12255027132440144,0.040253419166511796,1.5503794784580496,0.75,0.7481091632644352,0.09993333333333332,0.7408890986587618,0,0.0,104,abrambeyer_openintro-possum
2,6,0,0,0,6,8,1,1,csv,1,0,0,utf-8,0,0,1,14,14,196,0.7698040600420959,0.02760412230644749,1.0,6.61734693877551,1140312.3626723024,2.96944185182086,21.35369767466005,55.57519726060893,0.75,0.6381246740046147,0.1458939993875,0.6366425439202756,0,0.11864406779661017,590,johnjdavisiv_urinary-biomarkers-for-pancreatic-cancer
0,0,0,0,0,0,3,1,0,csv,1,0,0,utf-8,0,0,0,3,3,9,1.0,0.0,0.0,0.0,0.0,0.0,0.0,0.0,0.0,0.0,0.0,0.0,0,0.21428571428571427,14,johnjdavisiv_urinary-biomarkers-for-pancreatic-cancer
25,0,0,0,0,30,1,1,0,csv,1,0,0,utf-8,0,0,1,31,31,961,0.25149700598802394,0.01898250808562714,0.11976047904191617,0.04682622268470343,0.0,0.0,0.0,0.0,0.0,0.36330668283625833,0.0,0.3622147124670622,0,0.0,334,michaelacorley_unemployment-and-mental-illness-survey
1,0,0,0,0,3,0,1,3,csv,1,0,0,utf-8,0,0,0,3,3,9,0.0,1.0,0.0,0.0,0.0,0.0,0.0,0.0,0.0,0.0,0.0,0.0,0,3.0,1,michaelacorley_unemployment-and-mental-illness-survey
2,0,0,0,0,35,5,1,14,csv,1,0,0,utf-8,0,0,1,40,40,1600,0.8483510590758782,0.13547675016576682,1.0,2.225625,0.0,0.0,0.0,0.0,0.0,0.24739360762947876,0.0,0.2466518541770434,0,0.8383233532934131,335,michaelacorley_unemployment-and-mental-illness-survey
1,0,0,1,0,3,0,1,3,csv,1,0,0,utf-8,0,0,0,3,3,9,0.0,1.0,0.0,0.0,0.0,0.0,0.0,0.0,0.0,0.0,0.0,0.0,0,3.0,1,michaelacorley_unemployment-and-mental-illness-survey
2,0,0,0,0,35,5,1,14,csv,1,0,0,utf-8,0,0,1,40,40,1600,0.8483582089552237,0.13547675016576682,1.0,2.2243749999999998,0.0,0.0,0.0,0.0,0.0,0.24739360762947876,0.0,0.2466518541770434,0,0.718562874251497,335,michaelacorley_unemployment-and-mental-illness-survey
1,0,0,0,0,3,3,1,1,csv,1,0,0,utf-8,0,1,1,6,6,36,0.5351672037235947,0.09352610441767069,0.47410358565737054,4.972222222222222,0.0,0.0,0.0,0.0,0.0,0.8905899727944034,0.0,0.8870175520179782,0,0.09183673469387754,251,zusmani_palestine-body-count
1,0,0,1,0,0,2,1,1,csv,1,0,0,utf-8,0,0,0,2,2,4,0.9328180737217597,0.0,0.0,0.0,0.0,0.0,0.0,0.0,0.0,0.0,0.0,0.0,0,0.0,841,anandhuh_covid19-confirmed-cases-kerala
0,2,0,0,0,4,4,1,1,csv,1,0,0,utf-8,1,0,1,8,8,64,0.7861019551486893,0.014510117145899894,0.044994675186368474,3.140625,1.9311397964890693,0.5738880533480079,-0.31277761386841596,0.8232435004999996,1.0,0.8076630520328594,0.054123522519999995,0.8074480192714024,0,0.7919999999999999,3756,citizen-ds-ghana_health-facilities-gh
1,0,0,0,0,2,1,1,0,csv,1,0,0,utf-8,1,0,0,3,3,9,0.9803389830508474,0.004067796610169492,0.0,0.0,0.0,0.0,0.0,0.0,0.0,0.5467212473840352,0.0,0.5463505889112323,0,0.363,1475,citizen-ds-ghana_health-facilities-gh
26,0,0,0,0,31,4,1,3,csv,1,0,0,utf-8,0,0,0,35,35,1225,0.7962410501193318,0.0071214104242050946,0.0,0.0,0.0,0.0,0.0,0.0,0.0,0.6303961446137548,0.0,0.6300200132625533,0,45.04499999999999,1676,jpmiller_employee-attrition-for-healthcare
3,30,0,0,0,2,31,1,3,csv,1,0,0,utf-8,0,0,0,33,33,1089,1.0,0.0048543689320388345,0.0,0.0,0.01027584270480296,0.8917920753354472,0.7995045075032324,0.03332895165838457,0.9090909090909091,0.0,0.13658032872727274,0.0,0,54.30582524271845,206,jpmiller_employee-attrition-for-healthcare
127,0,0,0,0,62,66,1,1,csv,1,0,0,utf-8,0,0,0,128,128,16384,0.26176046176046164,0.16635944700460822,0.0,0.0,0.0,0.0,0.0,0.0,0.0,0.9509653900146261,0.0,0.9464369833955086,0,7.314285714285714,210,GoogleNewsLab_health-searches-us-county
6,0,0,0,0,1,10,1,0,csv,1,0,0,utf-8,0,0,1,11,11,121,0.7017284739982949,0.03529411764705882,0.2,1.636363636363636,0.0,0.0,0.0,0.0,0.0,0.7938739993038636,0.0,0.789204152249135,0,2.2,170,imdevskp_hiv-aids-dataset
6,0,0,0,0,1,10,1,0,csv,1,0,0,utf-8,0,0,1,11,11,121,0.605862227588983,0.03529411764705882,0.45294117647058824,3.6363636363636362,0.0,0.0,0.0,0.0,0.0,0.7938739993038636,0.0,0.789204152249135,0,7.311764705882353,170,imdevskp_hiv-aids-dataset
1,3,0,0,0,5,2,1,1,csv,1,0,0,utf-8,0,0,1,7,7,49,0.29117647058823526,0.09898434193821413,0.18235294117647058,7.591836734693878,15.646086455475906,2.7541002863641455,10.448703910249305,0.20921459696588152,0.75,0.8304732178255702,0.0606,0.8290806731080729,0,0.17500000000000002,680,imdevskp_hiv-aids-dataset
4,0,0,0,0,2,5,1,1,csv,1,0,0,utf-8,0,0,1,7,7,49,0.33886274509803915,0.008823529411764706,0.21568627450980393,6.7346938775510194,0.0,0.0,0.0,0.0,0.0,0.7293655379637121,0.0,0.7279354094579009,0,0.19215686274509802,510,imdevskp_hiv-aids-dataset
4,0,0,0,0,2,5,1,1,csv,1,0,0,utf-8,0,0,1,7,7,49,0.43675034570790344,0.007352941176470588,0.18676470588235294,7.775510204081633,0.0,0.0,0.0,0.0,0.0,0.7707355106991249,0.0,0.7696020761245674,0,0.16470588235294117,680,imdevskp_hiv-aids-dataset
6,0,0,0,0,1,10,1,0,csv,1,0,0,utf-8,0,0,1,11,11,121,0.5355270699164947,0.03529411764705882,0.4588235294117647,3.7024793388429753,0.0,0.0,0.0,0.0,0.0,0.7938739993038636,0.0,0.789204152249135,0,0.6470588235294117,170,imdevskp_hiv-aids-dataset
7,1,0,0,0,14,2,1,2,csv,1,0,0,utf-8,0,0,1,16,16,256,0.6219101123595505,0.02668578588162449,0.675,6.87109375,0.14867335946881308,0.12995063173070429,0.13919088484128872,0.06294269780411293,0.125,0.6498874792722162,0.010875,0.6489981306089347,0,0.035888414174415684,920,redwankarimsony_heart-disease-data
0,0,0,0,0,0,4,1,0,csv,1,0,0,utf-8,0,0,1,4,4,16,0.9444444444444444,0.0,0.02702702702702703,0.1875,0.0,0.0,0.0,0.0,0.0,0.0,0.0,0.0,0,0.0,37,gokulprakash22_hospitals-count-in-india-statewise
13,3,0,0,0,15,1,1,0,csv,1,0,0,utf-8,0,0,1,16,16,256,0.3230623370466935,0.014971587506907384,0.13732892873997168,2.51953125,40.25258289797182,0.17752695386364656,0.3798443442133501,1.4379840017779129,0.1875,0.6029178596347483,0.00377125,0.6027734951387936,0,0.032,4238,naveengowda16_logistic-regression-heart-disease-prediction
5,22,0,0,0,11,17,1,1,csv,1,0,0,utf-8,0,0,1,28,28,784,0.8864351623002142,0.5036764705882353,0.23529411764705882,0.011479591836734693,540.8367486809767,0.7220274945710019,0.9355938783228718,3.6200557098765436,0.5925925925925926,0.8577094474153298,0.35603703703703704,0.8066682722554261,0,0.0,17,tunguz_drug-use-by-age
6,1,0,0,0,8,0,1,0,csv,1,0,0,utf-8,1,0,0,8,8,64,0.0,0.006255901794145422,0.0,0.0,0.2796073228168798,-0.09756214638602213,0.19835577706690696,0.028181435853474126,0.14285714285714285,0.6193893907831156,0.004714285714285714,0.6188045093942741,0,0.0,1059,cpluzshrijayan_milkquality
6,0,0,1,0,4,3,1,2,csv,1,0,0,utf-8,0,0,0,7,7,49,0.9097222222222222,0.041666666666666664,0.0,0.0,0.0,0.0,0.0,0.0,0.0,0.5679824561403509,0.0,0.5620659722222222,0,0.9479166666666665,96,aroojanwarkhan_fitness-data-trends
116,0,0,0,0,1,117,1,1,csv,1,0,0,utf-8,0,0,0,118,118,13924,0.9372462606837602,0.0546875,0.0,0.0,0.0,0.0,0.0,0.0,0.0,0.9529733959311424,0.0,0.9514843750000002,0,1548.9343750000012,640,danofer_india-census
9,142,0,0,0,98,58,1,9,csv,1,0,0,utf-8,0,0,0,156,156,24336,0.3261584616496782,0.08223163479228168,0.0,0.0,178.85033180954233,2.5332475293955503,27.38344428902885,5.62900924406788,0.9403973509933775,0.8604855658033967,0.036336556291390744,0.8600345775613636,0,26.519999999999996,1908,danofer_india-census
1,0,0,1,0,1,1,1,2,csv,1,0,0,utf-8,0,0,0,2,2,4,1.0,0.14372716199756394,0.0,0.0,0.0,0.0,0.0,0.0,0.0,0.992709664002852,0.0,0.9915005170308646,0,0.09987819732034105,821,mragpavank_predicting-the-sales-of-products-of-a-retail-chain
3,1,0,0,0,4,0,1,1,csv,1,0,0,utf-8,0,0,0,4,4,16,0.0,0.001228813559322034,0.0,0.0,3.7531073019844228,0.8168569936126892,3.802918709245435,0.48192172056216753,0.25,0.9603533258679191,0.0029025,0.9603370486929044,0,0.276,59000,mragpavank_predicting-the-sales-of-products-of-a-retail-chain
2,0,0,0,0,1,1,1,2,csv,1,0,0,utf-8,0,0,0,2,2,4,1.0,0.00006451612903225807,0.0,0.0,0.0,0.0,0.0,0.0,0.0,0.0,0.0,0.0,0,0.39,15500,mragpavank_predicting-the-sales-of-products-of-a-retail-chain
4,0,0,1,0,6,1,1,2,csv,1,0,0,utf-8,0,0,0,7,7,49,1.0,0.00110752688172043,0.0,0.0,0.0,0.0,0.0,0.0,0.0,0.8009419962578233,0.0,0.8008903225806451,0,1.2319999999999998,15500,mragpavank_predicting-the-sales-of-products-of-a-retail-chain
4,0,0,1,0,7,0,1,1,csv,1,0,0,utf-8,0,0,0,7,7,49,0.0,0.0003573236889692586,0.0,0.0,0.0,0.0,0.0,0.0,0.0,0.7730925449574352,0.0,0.7730905877611163,0,0.021,395000,mragpavank_predicting-the-sales-of-products-of-a-retail-chain
3,0,0,0,0,3,1,1,0,csv,1,0,0,utf-8,1,0,0,4,4,16,0.22,0.04533333333333334,0.0,0.0,0.0,0.0,0.0,0.0,0.0,0.7403847695390781,0.0,0.7389040000000001,0,0.36,500,yasserh_bmidataset
14,0,0,0,0,16,0,1,0,csv,1,0,0,utf-8,1,0,0,16,16,256,0.0,0.013956310679611656,0.0,0.0,0.0,0.0,0.0,0.0,0.0,0.5029945782372968,0.0,0.5013667640682441,0,0.0,309,jillanisofttech_lung-cancer-detection
4,2,0,0,0,7,0,1,0,csv,1,0,0,utf-8,1,0,0,7,7,49,0.0,0.019864750633981403,0.0,0.0,2.1192489983265053,0.6023058556497726,0.6207570486752026,0.09935617792973982,0.3333333333333333,0.7701328210858166,0.013466666666666667,0.7693733212622609,0,1.162,1014,csafrit2_maternal-health-risk-data
1,0,0,0,0,0,4,1,1,csv,1,0,0,utf-8,0,0,1,4,4,16,1.0,0.0,0.9796304073918521,293.6875,0.0,0.0,0.0,0.0,0.0,0.0,0.0,0.0,0,0.12000000000000001,4762,psycon_weed-seeds-dataset
60,0,0,0,0,61,2,1,1,csv,1,0,0,utf-8,0,0,1,63,63,3969,1.0,0.007217451590081953,0.5411591768164636,1.2590073066263545,0.0,0.0,0.0,0.0,0.0,0.2495777672196638,0.0,0.24952052256294302,0,1.7009999999999998,4762,psycon_weed-seeds-dataset
1,0,0,0,0,1,35,1,1,csv,1,0,0,utf-8,0,0,1,36,36,1296,0.6730679156908665,0.15737704918032788,0.0032679738562091504,0.027006172839506182,0.0,0.0,0.0,0.0,0.0,0.9699525452976704,0.0,0.9667723730180052,0,6.59672131147541,306,mrmorj_hospital-bed-capacity-and-covid19
1,0,0,0,0,0,36,1,0,csv,1,0,0,utf-8,0,1,1,36,36,1296,0.7519125683060109,0.0,0.006514657980456026,0.05478395061728397,0.0,0.0,0.0,0.0,0.0,0.0,0.0,0.0,0,5.299132111861138,307,mrmorj_hospital-bed-capacity-and-covid19
1,0,0,0,0,0,36,1,0,csv,1,0,0,utf-8,0,1,1,36,36,1296,0.801912568306011,0.0,0.006514657980456026,0.05478395061728397,0.0,0.0,0.0,0.0,0.0,0.0,0.0,0.0,0,5.653230472516876,307,mrmorj_hospital-bed-capacity-and-covid19
9,7,0,0,0,3,14,1,0,csv,1,0,0,utf-8,0,0,1,17,17,289,0.958104769937031,0.01204819277108434,0.6204819277108434,1.8235294117647058,519.9594353830739,0.27134127170212763,0.10011463099366813,5.908212437500001,0.4375,0.2089570402823415,0.0748315625,0.20769826293124305,0,0.20481927710843376,166,johnharshith_world-happiness-report-2021-worldwide-mortality
0,1,0,1,0,4,1,1,1,csv,1,0,0,utf-8,0,0,0,5,5,25,0.2987705740666399,0.0015656362906463267,0.0,0.0,37687110.97516373,11.47455311192641,184.65317013341357,83.07351161433272,1.0,0.9484247890229988,0.03070912,0.9484200297657265,0,0.0,199280,shivamb_daily-covid19-hospitalisation-data
1,0,0,0,0,1,1,1,1,csv,1,0,0,utf-8,1,0,0,2,2,4,0.989522700814901,0.0002586987453110852,0.0,0.0,0.0,0.0,0.0,0.0,0.0,0.5000248491356266,0.0,0.49996017123507874,0,0.0,7731,infamouscoder_depression-reddit-cleaned
1,1,0,0,0,4,2,1,0,csv,1,0,0,utf-8,0,0,0,6,6,36,0.6375,0.015000000000000001,0.0,0.0,25.962302904887512,0.5157649151796565,0.17034744880548636,2.0865645,0.5,0.5917462311557788,0.0619,0.5887875,0,0.0,200,pablomgomez21_drugs-a-b-c-x-y-for-decision-trees
3,1,0,0,0,3,2,1,1,csv,1,0,0,utf-8,0,0,1,5,5,25,0.5929559343840463,0.3364425860405275,1.0,248.71999999999997,0.02090742202562813,-0.020257295691671166,-0.3017171180675193,0.061959062479311974,0.25,0.5868878878074604,0.0167663129,0.5867935024925991,0,2.4899999999999998,6218,abisheksudarshan_health-care-analytics
2,0,0,0,0,3,3,1,0,csv,1,0,0,utf-8,0,0,0,6,6,36,0.9076923076923077,0.06153846153846154,0.0,0.0,0.0,0.0,0.0,0.0,0.0,0.472275641025641,0.0,0.46500986193293886,0,0.0,65,abisheksudarshan_health-care-analytics
7,1,0,0,0,10,1,1,0,csv,1,0,0,utf-8,0,0,1,11,11,121,1.0,0.022058687590137533,0.9692291340047299,1324.9173553719008,9.56710955512174,-0.05037700238639544,-0.027255270706408596,0.8485705128205113,0.0,0.5552142846172713,0.0211884840875,0.5550688631516116,0,0.022,37633,abisheksudarshan_health-care-analytics
2,1,0,0,0,2,1,1,0,csv,1,0,0,utf-8,0,0,0,3,3,9,0.7830924670673999,0.013684614400818518,0.0,0.0,0.020727150834876123,0.012139058911204268,-0.3085815652739452,0.05668784171188342,0.3333333333333333,0.8808582684123667,0.005140930233333333,0.8807456122839087,0,1.311,7819,abisheksudarshan_health-care-analytics
7,0,0,0,0,7,1,1,0,csv,1,0,0,utf-8,0,0,0,8,8,64,0.4347357371840336,0.0024195215264465456,0.0,0.0,0.0,0.0,0.0,0.0,0.0,0.3423973935058719,0.0,0.34238767982907264,0,0.008,35249,abisheksudarshan_health-care-analytics
4,0,0,0,0,3,1,1,0,csv,1,0,0,utf-8,0,0,0,4,4,16,0.819646968534152,0.0010232796111537476,0.0,0.0,0.0,0.0,0.0,0.0,0.0,0.7618140922128248,0.0,0.7616971598886173,0,0.004,6515,abisheksudarshan_health-care-analytics
7,0,0,0,0,7,1,1,0,csv,1,0,0,utf-8,0,0,1,8,8,64,0.39623794468503415,0.0028301807961901323,0.0044368872711814875,5.21875,0.0,0.0,0.0,0.0,0.0,0.3425300173149831,0.0,0.3425254586736722,0,0.024,75278,abisheksudarshan_health-care-analytics
1,4,0,0,0,3,3,1,0,csv,1,0,0,utf-8,0,0,0,6,6,36,0.8938223938223939,0.09781209781209782,0.0,0.0,72.549463029919,1.9240654608988126,9.091682042556812,3.5762441538461545,0.8,0.9671130096662012,0.0677818,0.9652459961340272,0,0.0,518,babyoda_healthcare-investments-and-length-of-hospital-stay
3,1,0,0,0,0,5,1,0,csv,1,0,0,utf-8,0,0,0,5,5,25,0.6227979274611399,0.0,0.0,0.0,3.5410020403232294,0.10634126813272196,-0.24648485920280316,0.750375,0.25,0.0,0.04425,0.0,0,0.2072538860103627,193,codebreaker619_alcohol-comsumption-around-the-world
36,840,0,0,0,3,877,1,1,csv,1,0,0,utf-8,0,0,1,880,880,774400,0.9596664385553375,0.029915758385524054,0.8769230769230769,0.025892303719008213,39022965.507169224,0.26876295767131725,0.9914774755789696,750.194063620296,0.958904109589041,0.7580126887017912,0.17429825744288813,0.7535318431015806,0,35879.46027484969,195,iamsouravbanerjee_human-development-index-dataset
2,1,0,0,0,6,0,1,2,csv,1,0,0,utf-8,0,0,0,6,6,36,0.0,0.005335446962941762,0.0,0.0,0.08459350696419371,8.075546609084526,438.4528437076087,0.03474654524344501,0.3333333333333333,0.8014287491477354,0.006586666666666667,0.8014199266293357,0,0.006,90839,pitt_contagious-diseases
2,1,0,0,0,6,0,1,2,csv,1,0,0,utf-8,1,0,0,6,6,36,0.0,0.01443854319507877,0.0,0.0,40.72493284000996,2.7407120742869164,67.27205248996471,0.16560199126643446,0.3333333333333333,0.8081405051021827,0.010172,0.8081349381309869,0,0.0,145167,pitt_contagious-diseases
2,1,0,0,0,6,0,1,2,csv,1,0,0,utf-8,0,0,0,6,6,36,0.0,0.007973258403341265,0.0,0.0,0.462771943338852,3.373236192008649,66.63939331769141,0.004905159542353693,0.3333333333333333,0.7488546634411485,0.00761,0.7488439277892368,0,0.006,69754,pitt_contagious-diseases
2,1,0,0,0,6,0,1,2,csv,1,0,0,utf-8,0,0,0,6,6,36,0.0,0.0075301941225367946,0.0,0.0,1.2074127968266646,3.7386315105769103,107.71771261701404,0.02215711535176031,0.3333333333333333,0.7889010093795283,0.008606666666666667,0.7888937765332459,0,0.018000000000000002,109072,pitt_contagious-diseases
0,1,0,1,0,6,0,1,2,csv,1,0,0,utf-8,0,0,0,6,6,36,0.0,0.006302306280228788,0.0,0.0,0.3711494101162641,9.44379783289838,206.62381677814457,0.03070394423344454,1.0,0.7555949526124102,0.02171,0.7555856850337856,0,0.0,81531,pitt_contagious-diseases
2,1,0,0,0,6,0,1,2,csv,1,0,0,utf-8,0,0,0,6,6,36,0.0,0.009090624314757387,0.0,0.0,0.3571325399169403,21.10123335387748,2558.5798065844383,0.0,0.3333333333333333,0.7319663574592218,0.00726,0.731952599986098,0,0.0,53205,pitt_contagious-diseases
1,1,0,1,0,6,0,1,2,csv,1,0,0,utf-8,0,0,0,6,6,36,0.0,0.006929714300678242,0.0,0.0,0.33975439628731474,5.03031746799758,161.17948433244032,0.0,0.5,0.6871344607627571,0.01132,0.6871209653102307,0,0.012,50916,pitt_contagious-diseases
18,31,0,0,0,28,23,1,1,csv,1,0,0,utf-8,0,0,1,51,51,2601,0.7854149872919522,0.08419075975964345,0.37415245531128005,28.96847366397539,38.42185756858562,2.031694109668388,47.16019293283762,1.5263445410638432,0.6326530612244898,0.9553161266484491,0.020264534864770357,0.955023141459591,0,0.51,4867,etsc9287_2020-general-election-polls
9,1,0,4,0,35,3,1,9,csv,1,0,0,utf-8,0,0,1,38,38,1444,0.36814201962030163,0.050191197337986056,1.0,65.1662049861496,19.622158700132328,-0.1633715200857088,0.3506719924083647,0.4969089194455269,0.1,0.5638627097906365,0.001945,0.563770551556018,0,38.263185185185186,16438,etsc9287_2020-general-election-polls
2,3,0,2,0,7,4,1,1,csv,1,0,0,utf-8,0,0,1,11,11,121,0.9974599452911294,0.035347397502084946,0.11107854630715124,9.396694214876034,48.752828029217014,0.02367654008168877,1.8487568222757589,2.407732611316482,0.6,0.8259388387066914,0.058771509873244976,0.8258567709738621,0,1.969,10236,etsc9287_2020-general-election-polls
7,3,0,0,0,1,10,1,1,csv,1,0,0,utf-8,0,0,1,11,11,121,0.7267194953069703,0.1691542288557214,0.03482587064676617,0.05785123966942149,0.6239428118115886,0.9546653563310002,7.661904512088066,0.15600742777777774,0.3,0.9669154228855721,0.04134,0.9621048983936038,0,8.92039800995025,201,anandhuh_countries-in-the-world-by-population-2022
3,3,0,0,0,10,2,1,0,csv,1,0,0,utf-8,0,0,1,12,12,144,0.5252078347398917,0.03955844888616928,0.6504597556367301,143.44444444444443,63144892.39101127,1.4639324147623263,20.732483149647237,1292.8715567529787,0.5,0.9066673882422046,0.029774365455000004,0.9066337472145426,0,13.320000000000002,31756,omkargowda_suicide-rates-overview-1985-to-2021
0,0,0,0,0,0,1,1,0,csv,1,0,0,utf-8,0,0,0,1,1,1,1.0,0.0,0.0,0.0,0.0,0.0,0.0,0.0,0.0,0.0,0.0,0.0,0,0.0,104,mpwolke_cusersmarildownloadslifeexpectancycsv
