n_int_features,n_float_features,n_string_features,n_datetime_features,n_unknown_features,n_categorical_features,n_noncateg_features,is_datetime_consistent,n_ordered_features,file_type,is_file_structured,is_file_semi_structured,is_file_unstructured,encoding,has_duplicated_rows,has_null_rows,has_null_feature_values,n_features,n_rows,n_rows_times_features,avg_ratio_duplication_noncateg_features,avg_ratio_duplication_categ_features,ratio_features_at_least_one_null,avg_ratio_null_values_features,avg_variance_numerical_features,avg_skewness_numerical_features,avg_kurtosis_numerical_features,avg_median_dev_numerical_features,avg_n_outliers_numerical_features,avg_unalikeability_categ_features,avg_margin_error_numerical_features,avg_gini_impurity_categ_features,time_diff_current_and_last_update,num_pii_entities,profiler_sample_size,num_total_files,num_sample_files,ref_no_slash
3,2,0,0,4,5,4,1,0,csv,1,0,0,utf-8,1,0,0,9,9,81,0.5041528239202657,0.01727574750830565,0.0,0.0,20.044326458268674,1.3087506966867668,7.978580634632712,1.4499911999999968,0.4,0.39396677740863784,0.0583,0.39265791768302777,0,1.973421926910299,301,4,4,nehalbirla_vehicle-dataset-from-cardekho
3,0,0,0,5,7,1,1,0,csv,1,0,0,utf-8,1,0,0,8,8,64,0.3435483870967742,0.04137590520079,0.0,0.0,0.0,0.0,0.0,0.0,0.0,0.6408008203987868,0.0,0.6406531704401656,0,4.904000000000001,4340,4,4,nehalbirla_vehicle-dataset-from-cardekho
4,0,0,0,9,12,1,1,0,csv,1,0,0,utf-8,1,0,1,13,13,169,0.2531988188976378,0.030375963279779178,0.027312992125984252,6.50887573964497,0.0,0.0,0.0,0.0,0.0,0.7229756733872351,0.0,0.7228855081063416,0,8.424,8128,4,4,nehalbirla_vehicle-dataset-from-cardekho
7,1,0,0,12,17,3,1,0,csv,1,0,0,utf-8,0,0,1,20,20,400,0.40731746802655006,0.046651051348711586,0.08984944147644487,1.8625,28.5250938141353,0.10654318206784098,0.043896303939272185,1.2618018695014661,0.125,0.7406657002096295,0.00107125,0.7402970642972883,0,14.639999999999997,2059,4,4,nehalbirla_vehicle-dataset-from-cardekho
4,2,0,0,3,7,2,1,0,csv,1,0,0,utf-8,1,0,0,9,9,81,0.5148575178102737,0.002852322031174675,0.0,0.0,28.007440836100496,0.5075117050671462,2.9602401259236575,1.5422592790519367,0.3333333333333333,0.752411631962148,0.003087666666666667,0.7523411021878731,0,2.52,10668,13,13,adityadesai13_used-car-dataset-ford-and-mercedes
4,2,0,0,3,7,2,1,0,csv,1,0,0,utf-8,1,0,0,9,9,81,0.5501808737593915,0.0028356765208634237,0.0,0.0,163.70309617425866,1.7465496609839672,20.473305334824207,1.5146565131562533,0.3333333333333333,0.7225705454617241,0.0030431666666666667,0.7225035228714762,0,2.8349999999999995,10781,13,13,adityadesai13_used-car-dataset-ford-and-mercedes
3,1,0,0,3,5,2,1,1,csv,1,0,0,utf-8,1,0,0,7,7,49,0.647473711208002,0.0024621697871249036,0.0,0.0,0.05946447326936408,0.8087215223865992,4.414785039711727,0.02421962224695163,0.25,0.5079067122103509,0.0065,0.5077764463185297,0,1.5399999999999998,3899,13,13,adityadesai13_used-car-dataset-ford-and-mercedes
3,1,0,0,3,5,2,1,1,csv,1,0,0,utf-8,1,0,0,7,7,49,0.5464796479647964,0.00121012101210121,0.0,0.0,0.04003926327726283,0.12608987202317015,-0.17321882659301313,0.12463535331541602,0.25,0.4363969436860552,0.0055,0.4363169295783019,0,2.457,5454,13,13,adityadesai13_used-car-dataset-ford-and-mercedes
4,2,0,0,3,8,1,1,0,csv,1,0,0,utf-8,1,0,0,9,9,81,0.7530197606457,0.025786251043696074,0.0,0.0,17.11944096955696,0.4161267783463005,3.7873399248393533,1.1230599811081328,0.3333333333333333,0.7074973446289555,0.0021753333333333334,0.7074579626448544,0,4.041,17965,13,13,adityadesai13_used-car-dataset-ford-and-mercedes
4,2,0,0,3,7,2,1,0,csv,1,0,0,utf-8,1,0,0,9,9,81,0.5912551440329218,0.00411522633744856,0.0,0.0,27.055663904412725,0.4423124332647657,6.66722660932308,1.1008188317827623,0.3333333333333333,0.7323432132400598,0.0048066666666666666,0.732192525336101,0,3.573,4860,13,13,adityadesai13_used-car-dataset-ford-and-mercedes
4,2,0,0,3,7,2,1,0,csv,1,0,0,utf-8,1,0,0,9,9,81,0.5389130269075387,0.0026787756035412105,0.0,0.0,38.660148208137564,0.7154765055440672,4.215453215585168,1.5580421569786151,0.3333333333333333,0.7205169820389961,0.0030241666666666668,0.7204620603999964,0,2.1689999999999996,13119,13,13,adityadesai13_used-car-dataset-ford-and-mercedes
4,2,0,0,3,7,2,1,0,csv,1,0,0,utf-8,1,0,0,9,9,81,0.5535343864688048,0.002940573069821514,0.0,0.0,24.17265777021611,0.676907231218165,7.017203075383775,1.1142874153460618,0.3333333333333333,0.722800379393202,0.0040935,0.7226850450419346,0,3.42,6267,13,13,adityadesai13_used-car-dataset-ford-and-mercedes
4,2,0,0,3,7,2,1,0,csv,1,0,0,utf-8,1,0,0,9,9,81,0.5797714455327991,0.0037102997922232113,0.0,0.0,41.82572935488903,0.7198380211291503,6.23408358386346,1.2723485919052007,0.3333333333333333,0.7486523285432064,0.00607,0.7485412195600448,0,3.4470000000000005,6738,13,13,adityadesai13_used-car-dataset-ford-and-mercedes
1,0,0,0,10,8,3,1,1,csv,1,0,0,utf-8,1,1,1,11,11,121,0.768752097076353,0.010595442127175168,0.6984523215177234,33.46280991735537,0.0,0.0,0.0,0.0,0.0,0.6349277880346604,0.0,0.6347093029292572,0,10.758,4006,13,13,adityadesai13_used-car-dataset-ford-and-mercedes
1,0,0,0,10,8,3,1,1,csv,1,0,0,utf-8,1,1,1,11,11,121,0.7312332761559738,0.009475897139986408,0.766773733047823,54.595041322314046,0.0,0.0,0.0,0.0,0.0,0.5970513293297477,0.0,0.5969085744386914,0,10.934,5604,13,13,adityadesai13_used-car-dataset-ford-and-mercedes
4,2,0,0,3,7,2,1,0,csv,1,0,0,utf-8,1,0,0,9,9,81,0.48881308685446007,0.0017605633802816902,0.0,0.0,16.687665998100154,0.3715825217352274,5.232478230546817,1.0620710805160782,0.3333333333333333,0.6554042529084467,0.0016706666666666667,0.6553561745448236,0,3.438,13632,13,13,adityadesai13_used-car-dataset-ford-and-mercedes
4,2,0,0,3,7,2,1,0,csv,1,0,0,utf-8,1,0,0,9,9,81,0.4859140990961272,0.0017436545113526047,0.0,0.0,31.05166814706301,0.6965004076975658,5.138125239807168,1.2327358478719932,0.3333333333333333,0.7347581619860353,0.002722,0.7347096854958337,0,3.1590000000000003,15157,13,13,adityadesai13_used-car-dataset-ford-and-mercedes
8,8,0,0,10,16,10,1,1,csv,1,0,0,utf-8,0,0,0,26,26,676,0.5053658536585366,0.07103658536585367,0.0,0.0,3969415.6159621268,0.36556775070394476,0.6481809017385415,207.28399568452355,0.5,0.6292832376853181,0.044354580625,0.6262135633551457,0,3.297560975609756,205,2,2,hellbuoy_car-price-prediction
5,0,0,0,8,8,5,1,1,csv,1,0,0,utf-8,0,0,0,13,13,169,0.8577831132452982,0.016456582633053222,0.0,0.0,0.0,0.0,0.0,0.0,0.0,0.6438745634362633,0.0,0.643616910549734,0,16.783,2499,1,1,doaaalsenani_usa-cers-dataset
16,0,0,0,17,33,0,1,1,csv,1,0,0,utf-8,0,0,0,33,33,1089,0.0,0.014499424626006908,0.0,0.0,0.0,0.0,0.0,0.0,0.0,0.561781537017674,0.0,0.5603593052783886,0,0.0,395,1,1,dipam7_student-grade-prediction
1,5,0,1,0,0,7,1,1,csv,1,0,0,utf-8,0,0,0,7,7,49,0.9255558183538317,0.0,0.0,0.0,11787.895646890922,0.0033669600864411494,-0.5321974325553455,74.91899368942592,0.8333333333333334,0.0,0.12177247733333334,0.0,0,5.026,2416,1,1,timoboz_tesla-stock-data-from-2010-to-2020
2,0,0,0,6,8,0,1,0,csv,1,0,0,utf-8,0,0,0,8,8,64,0.0,0.019492664384411062,0.0,0.0,0.0,0.0,0.0,0.0,0.0,0.8776088294892668,0.0,0.8776062984096268,0,2.208,346733,1,1,akhilv11_border-crossing-entry-data
86,0,0,0,1,87,0,1,1,csv,1,0,0,utf-8,1,0,0,87,87,7569,0.0,0.0007653473202311487,0.0,0.0,0.0,0.0,0.0,0.0,0.0,0.4308872139075777,0.0,0.430843344307302,0,0.0,9822,1,1,uciml_caravan-insurance-challenge
3,4,0,0,5,11,1,1,0,csv,1,0,0,utf-8,1,0,0,12,12,144,0.27799593771157755,0.013159352495845385,0.0,0.0,3.9138264109517418,0.5128555354312762,0.6372075613311164,0.9059457842170673,0.5714285714285714,0.8927148113884645,0.011542857142857143,0.892593929220369,0,0.6120000000000001,7385,2,2,debajyotipodder_co2-emission-by-vehicles
0,0,0,0,2,1,1,1,0,csv,1,0,0,utf-8,0,0,1,2,2,4,1.0,1.0,0.7368421052631579,3.5,0.0,0.0,0.0,0.0,0.0,1.0,0.0,0.8000000000000002,0,0.0,19,2,2,debajyotipodder_co2-emission-by-vehicles
1,5,0,1,0,0,7,1,1,csv,1,0,0,utf-8,0,0,0,7,7,49,0.9382252395396985,0.0,0.0,0.0,54581.545487014664,1.9726329982802646,3.708935278775016,18.572799605586084,0.8333333333333334,0.0,0.11295638003333335,0.0,0,1.792,2967,1,1,surajjha101_tesla-share-price-for-last-5-years
5,2,0,0,23,30,0,1,0,csv,1,0,0,utf-8,1,0,1,30,30,900,0.0,0.009812026537522426,0.00025953128649658716,0.01111111111111111,5902866.629539111,0.6120233146893183,1.9496419728875731,441.23593677351437,0.2857142857142857,0.5786150399803845,0.0037354714285714285,0.5786000229073129,0,2.52,38531,1,1,lepchenkov_usedcarscatalog
2,2,0,0,6,10,0,1,0,csv,1,0,0,latin1,1,0,1,10,10,100,0.0,0.030949493279456775,0.08740601503759399,9.45,145265955.4436637,5.577537224190946,83.3385666017137,1286.9950114634648,0.5,0.7910089374340279,0.012647898815,0.7909255385273155,0,1.35,9576,1,1,antfarol_car-sale-advertisements
6,1,0,0,7,6,8,1,0,csv,1,0,0,utf-8,0,0,1,14,14,196,0.5564939568060233,0.05016181229773462,0.04854368932038835,0.025510204081632654,1.2880699675477694,0.17529998268150362,0.6437104759404955,0.24432499999999993,0.14285714285714285,0.4994923535757345,0.024,0.4946429132497565,0,3.8127600554785017,103,2,2,geoffnel_evs-one-electric-vehicle-dataset
2,0,0,0,12,6,8,1,0,csv,1,0,0,utf-8,0,0,1,14,14,196,0.5564939568060233,0.05016181229773462,0.04854368932038835,0.025510204081632654,0.0,0.0,0.0,0.0,0.0,0.4994923535757345,0.0,0.4946429132497565,0,1.4951456310679614,103,2,2,geoffnel_evs-one-electric-vehicle-dataset
6,0,0,0,12,16,2,1,0,csv,1,0,0,utf-8,1,0,1,18,18,324,0.6916619015438998,0.016273939942817603,0.3024899932421895,17.959876543209877,0.0,0.0,0.0,0.0,0.0,0.665029806642356,0.0,0.6649938440200069,0,5.111999999999999,19237,1,1,deepcontractor_car-price-prediction-challenge
0,0,0,1,1,1,1,1,2,csv,1,0,0,utf-8,0,0,0,2,2,4,1.0,0.00038066235249333843,0.0,0.0,0.0,0.0,0.0,0.0,0.0,0.0,0.0,0.0,0,0.0,2627,3,3,vetrirah_customer
3,0,0,1,6,9,1,1,1,csv,1,0,0,utf-8,0,0,1,10,10,100,1.0,0.005007460677102224,0.18005329272934906,5.26,0.0,0.0,0.0,0.0,0.0,0.6584016808247635,0.0,0.6581444305931337,0,0.0,2627,3,3,vetrirah_customer
4,0,0,0,7,10,1,1,0,csv,1,0,0,utf-8,0,0,1,11,11,121,1.0,0.0015167272980958343,0.1738968765493307,13.074380165289256,0.0,0.0,0.0,0.0,0.0,0.6666938147912267,0.0,0.6666092652460245,0,0.0,8068,3,3,vetrirah_customer
4,2,0,0,4,8,2,1,1,csv,1,0,0,utf-8,0,0,0,10,10,100,0.9165419161676647,0.014174775449101796,0.0,0.0,207.34941707434686,1.7979310284710956,19.14965453672704,1.453242837434887,0.3333333333333333,0.811900721208276,0.007621666666666666,0.8115968661479436,0,1.6500000000000001,2672,4,4,kukuroo3_used-car-price-dataset-competition-format
4,2,0,0,4,8,2,1,0,csv,1,0,0,utf-8,0,0,0,10,10,100,0.8931451612903225,0.008442540322580645,0.0,0.0,213.0296587416401,1.7789139425340277,18.299916313614375,1.4523575278706697,0.3333333333333333,0.8120248842931392,0.0055808333333333335,0.811861169598725,0,1.7300000000000002,4960,4,4,kukuroo3_used-car-price-dataset-competition-format
2,0,0,0,0,0,2,1,0,csv,1,0,0,utf-8,0,0,0,2,2,4,0.7297379032258065,0.0,0.0,0.0,0.0,0.0,0.0,0.0,0.0,0.0,0.0,0.0,0,0.242,4960,4,4,kukuroo3_used-car-price-dataset-competition-format
2,0,0,0,0,0,2,1,1,csv,1,0,0,utf-8,0,0,0,2,2,4,0.7836826347305389,0.0,0.0,0.0,0.0,0.0,0.0,0.0,0.0,0.0,0.0,0.0,0,0.226,2672,4,4,kukuroo3_used-car-price-dataset-competition-format
2,5,0,0,4,9,2,1,2,csv,1,0,0,utf-8,0,0,1,11,11,121,0.8462164116158573,0.016070705818998922,0.018496204361971323,2.71900826446281,0.4959257207586568,12.929715448702703,461.0997447991261,0.033395242115862624,0.7142857142857143,0.8741407108873234,0.01374857142857143,0.8740879176602587,0,3.487,16598,1,1,gregorut_videogamesales
9,0,0,0,4,10,3,1,2,csv,1,0,0,utf-8,0,0,1,13,13,169,0.7170833333333334,0.08422282608695651,0.4825,2.2840236686390534,0.0,0.0,0.0,0.0,0.0,0.8617556666520123,0.0,0.8605731675622534,0,0.5362499999999999,800,1,1,abcsds_pokemon
6,0,0,0,10,10,6,1,0,csv,1,0,0,utf-8,1,0,0,16,16,256,0.6908216173098015,0.027530162528666864,0.0,0.0,0.0,0.0,0.0,0.0,0.0,0.8121000129191083,0.0,0.8120595253324666,0,37.279999999999994,20058,1,1,datasnaek_chess
13,21,0,0,7,34,7,1,2,csv,1,0,0,utf-8,0,0,1,41,41,1681,0.7326165596461529,0.03355575293446676,0.5767790262172284,0.3105294467578822,363.55105720453423,0.9514379772266401,4.584521600467759,0.7319897495116132,0.6176470588235294,0.672993698312618,0.018706176470588236,0.6721195539676824,0,61.47440699126093,801,1,1,rounakbanik_pokemon
2,2,0,0,5,1,8,1,2,csv,1,0,0,latin1,0,0,1,9,9,81,0.9212328767123288,1.0,0.9863013698630136,0.8888888888888888,1188.662834639792,-0.43932955072075913,0.7727930582393606,4.995985499999998,0.5,0.0,0.07527865,0.0,0,0.1232876712328767,73,13,13,cjgdev_formula-1-race-data-19502017
3,1,0,0,1,4,1,1,1,csv,1,0,0,utf-8,0,0,1,5,5,25,1.0,0.040060396802770654,0.9984742416083289,445.0,10.260651767830987,0.8479469689530281,3.6098242637581412,0.0,0.25,0.6543611255996007,0.00525,0.6543023963655697,0,0.9049999999999999,11142,13,13,cjgdev_formula-1-race-data-19502017
1,0,0,0,5,2,4,1,1,csv,1,0,0,utf-8,0,0,1,6,6,36,0.9555288461538461,0.5576923076923077,1.0,5.777777777777778,0.0,0.0,0.0,0.0,0.0,0.3872863247863248,0.0,0.38542437130177526,0,0.5192307692307692,208,13,13,cjgdev_formula-1-race-data-19502017
5,1,0,0,2,7,1,1,1,csv,1,0,0,utf-8,0,0,1,8,8,64,1.0,0.1618070900182534,1.0,185.875,658.8272316918865,0.8308682126606168,5.390267786838301,0.8589776595675437,0.16666666666666666,0.7292364426119263,0.00485,0.7291751416332274,0,1.744,11896,13,13,cjgdev_formula-1-race-data-19502017
2,0,0,0,7,1,8,1,0,csv,1,0,0,latin1,0,0,1,9,9,81,0.9238713142458189,0.048693586698337295,0.9548693586698337,19.296296296296298,0.0,0.0,0.0,0.0,0.0,0.8973143045972304,0.0,0.8962486106487779,0,0.0748345624059131,842,13,13,cjgdev_formula-1-race-data-19502017
5,1,0,0,1,6,1,1,0,csv,1,0,0,utf-8,0,0,0,7,7,49,1.0,0.012529155897371242,0.0,0.0,138.41022642301212,0.9630650051621149,7.40620221017878,0.0,0.16666666666666666,0.8159200407230012,0.0033399999999999997,0.8158943230138441,0,0.525,31726,13,13,cjgdev_formula-1-race-data-19502017
5,0,0,0,1,6,0,1,0,csv,1,0,0,utf-8,0,0,0,6,6,36,0.0,0.05312684829037292,0.0,0.0,0.0,0.0,0.0,0.0,0.0,0.9854580574694999,0.0,0.9854557476197513,0,0.12,426633,13,13,cjgdev_formula-1-race-data-19502017
5,0,0,0,2,4,3,1,0,csv,1,0,0,utf-8,0,0,0,7,7,49,0.7799818695675359,0.010878259478483442,0.0,0.0,0.0,0.0,0.0,0.0,0.0,0.9000214237721965,0.0,0.8998774433812553,0,0.224,6251,13,13,cjgdev_formula-1-race-data-19502017
6,0,0,0,3,5,4,1,0,csv,1,0,0,utf-8,0,0,1,9,9,81,0.959411247814381,0.016391697711548695,0.7102182011708356,115.07407407407406,0.0,0.0,0.0,0.0,0.0,0.9699626257508045,0.0,0.9698335727138492,0,0.045000000000000005,7516,13,13,cjgdev_formula-1-race-data-19502017
4,0,0,1,3,5,3,1,0,csv,1,0,0,utf-8,0,0,1,8,8,64,1.0,0.05596036228987715,0.7331995987963892,11.421875,0.0,0.0,0.0,0.0,0.0,0.9264619847677725,0.0,0.9251044603846041,0,0.21664994984954866,997,13,13,cjgdev_formula-1-race-data-19502017
13,1,0,0,4,14,4,1,0,csv,1,0,0,utf-8,0,0,1,18,18,324,0.9771161740632771,0.016653953428716842,0.8904823989569752,368.92283950617286,0.9594847911930414,0.2436457875587237,1.0708660903949814,0.0,0.07142857142857142,0.9234828557607033,0.0009357142857142857,0.9234119717625087,0,7.506,23777,13,13,cjgdev_formula-1-race-data-19502017
1,0,0,0,1,0,2,1,0,csv,1,0,0,utf-8,0,0,0,2,2,4,1.0,0.0,0.0,0.0,0.0,0.0,0.0,0.0,0.0,0.0,0.0,0.0,0,0.0,69,13,13,cjgdev_formula-1-race-data-19502017
1,0,0,0,1,0,2,1,0,csv,1,0,0,utf-8,0,0,0,2,2,4,1.0,0.0,0.0,0.0,0.0,0.0,0.0,0.0,0.0,0.0,0.0,0.0,0,0.014925373134328358,134,13,13,cjgdev_formula-1-race-data-19502017
2,2,0,0,4,5,3,1,2,csv,1,0,0,utf-8,0,0,1,8,8,64,0.7777294685990338,0.12600000000000003,0.96,1.96875,429.7603693545444,-0.0938610242283606,-0.6017607877593747,12.803401651188917,0.5,0.6443232323232324,0.064808758225,0.63788,0,0.0,100,5,5,agileteam_bigdatacertificationkr
4,0,0,1,0,1,4,1,1,csv,1,0,0,utf-8,0,0,1,5,5,25,0.9846491228070176,0.0027397260273972603,0.06301369863013699,1.8399999999999999,0.0,0.0,0.0,0.0,0.0,0.3882067760302159,0.0,0.3876749859260649,0,2.6780821917808217,730,5,5,agileteam_bigdatacertificationkr
0,0,0,0,3,2,1,1,0,csv,1,0,0,utf-8,0,0,1,3,3,9,1.0,0.6875,0.25,0.4444444444444444,0.0,0.0,0.0,0.0,0.0,0.9522727272727273,0.0,0.8828124999999999,0,0.0,16,5,5,agileteam_bigdatacertificationkr
3,0,0,0,1,3,1,1,1,csv,1,0,0,utf-8,0,0,0,4,4,16,0.8461538461538461,0.48717948717948717,0.0,0.0,0.0,0.0,0.0,0.0,0.0,0.8589743589743589,0.0,0.7928994082840237,0,0.0,13,5,5,agileteam_bigdatacertificationkr
34,6,0,0,0,29,11,1,0,csv,1,0,0,utf-8,0,0,0,40,40,1600,0.5510587195980453,0.004558607425713198,0.0,0.0,1145.2143533142305,-0.010365968866794684,0.0861341387141154,5.091890260653072,0.15,0.7164108371190449,0.001740645,0.7163383185607782,0,35.679999999999986,9879,1,1,bobbyscience_league-of-legends-diamond-ranked-games-10-min
3,0,0,0,0,3,0,1,0,csv,1,0,0,utf-8,1,0,0,3,3,9,0.0,0.015673333333333334,0.0,0.0,0.0,0.0,0.0,0.0,0.0,0.998617313946279,0.0,0.9985973415999999,0,0.024,50000,3,3,terminus7_pokemon-challenge
8,0,0,0,4,10,2,1,2,csv,1,0,0,utf-8,0,0,1,12,12,144,1.0,0.08422282608695651,0.4825,2.6875,0.0,0.0,0.0,0.0,0.0,0.8617556666520123,0.0,0.8605731675622534,0,0.49511264080100126,800,3,3,terminus7_pokemon-challenge
2,0,0,0,0,2,0,1,0,csv,1,0,0,utf-8,1,0,0,2,2,4,0.0,0.08,0.0,0.0,0.0,0.0,0.0,0.0,0.0,0.9987500050005,0.0,0.9986501300000031,0,0.008,10000,3,3,terminus7_pokemon-challenge
1,0,0,0,3,1,3,1,1,csv,1,0,0,utf-8,0,0,0,4,4,16,0.9728395061728395,0.014814814814814815,0.0,0.0,0.0,0.0,0.0,0.0,0.0,0.331232725262576,0.0,0.3287791495198903,0,0.2962962962962963,135,8,8,rtatman_lego-database
2,0,0,0,1,1,2,1,1,csv,1,0,0,utf-8,0,0,0,3,3,9,0.9995291499015495,0.00042804554404588647,0.0,0.0,0.0,0.0,0.0,0.0,0.0,0.0020531233838348892,0.0,0.002052947617771752,0,0.75,11681,8,8,rtatman_lego-database
3,0,0,0,2,5,0,1,1,csv,1,0,0,utf-8,0,0,0,5,5,25,0.0,0.012263600000000001,0.0,0.0,0.0,0.0,0.0,0.0,0.0,0.7482361114482228,0.0,0.7482346149760761,0,1.65,500000,8,8,rtatman_lego-database
2,0,0,0,1,1,2,1,1,csv,1,0,0,utf-8,0,0,0,3,3,9,0.508608573436402,0.002459592410400562,0.0,0.0,0.0,0.0,0.0,0.0,0.0,0.03677544532640391,0.0,0.03676252352551621,0,0.6030000000000001,2846,8,8,rtatman_lego-database
1,0,0,0,2,1,2,1,0,csv,1,0,0,utf-8,0,0,0,3,3,9,0.995883507098065,0.002192898087946755,0.0,0.0,0.0,0.0,0.0,0.0,0.0,0.8660304428624431,0.0,0.8659971250290704,0,0.9900000000000001,25993,8,8,rtatman_lego-database
1,0,0,0,1,0,2,1,1,csv,1,0,0,utf-8,0,0,0,2,2,4,1.0,0.0,0.0,0.0,0.0,0.0,0.0,0.0,0.0,0.0,0.0,0.0,0,0.24561403508771928,57,8,8,rtatman_lego-database
3,0,0,0,2,3,2,1,0,csv,1,0,0,utf-8,0,0,0,5,5,25,0.944187441103401,0.04948742111425227,0.0,0.0,0.0,0.0,0.0,0.0,0.0,0.9843020055635714,0.0,0.9842176825955747,0,0.42500000000000004,11673,8,8,rtatman_lego-database
2,0,0,0,1,1,2,1,1,csv,1,0,0,utf-8,0,0,1,3,3,9,0.8273615635179152,0.1550695825049702,0.18078175895765472,12.333333333333334,0.0,0.0,0.0,0.0,0.0,0.976317394438152,0.0,0.974376405582411,0,0.0244299674267101,614,8,8,rtatman_lego-database
2,3,0,0,10,3,12,1,0,csv,1,0,0,latin1,0,0,1,15,15,225,0.5934134258023597,0.05165759985121123,0.9491525423728814,2.5155555555555553,23168.391883531538,0.4195411653964286,2.0766829501037547,29.004414355666672,0.6,0.5429546347123863,0.226765684,0.5369045179702965,0,37.45834152083709,118,3,3,tobycrabtree_nfl-scores-and-betting-data
0,0,0,0,8,4,4,1,1,csv,1,0,0,utf-8,0,0,1,8,8,64,0.8068181818181819,0.11558441558441558,0.22727272727272727,0.171875,0.0,0.0,0.0,0.0,0.0,0.6921726247349349,0.0,0.6749004656959202,0,2.0,44,3,3,tobycrabtree_nfl-scores-and-betting-data
6,2,0,1,8,17,0,1,1,csv,1,0,0,utf-8,0,0,1,17,17,289,0.0,0.01506458321517947,0.9921574430304824,88.52595155709344,4.368455556658136,-0.08490526680162697,0.14885144340201806,0.6284526435838343,0.125,0.8074837942659178,0.0046125,0.807415302679185,0,8.857000000000001,13516,3,3,tobycrabtree_nfl-scores-and-betting-data
1,5,0,0,3,8,1,1,1,csv,1,0,0,latin1,0,0,1,9,9,81,0.9970986460348162,0.09931495809155384,0.20212765957446807,5.160493827160494,0.5854365420013542,5.788897734488338,60.66950380978662,0.015298080016401767,0.8333333333333334,0.797803809375096,0.07383333333333332,0.7969787198292645,0,1.3052727272727274,1034,3,3,sidtwr_videogames-sales-dataset
4,6,0,0,6,15,1,1,1,csv,1,0,0,utf-8,0,0,1,16,16,256,0.6916312735538673,0.03101121953910938,0.5917818051318858,191.95703125,0.5690947174564988,8.95372574557266,325.8655503695981,0.10341179882296944,0.6,0.8989102021373898,0.010778,0.8988341997530874,0,3.4079999999999995,16719,3,3,sidtwr_videogames-sales-dataset
2,5,0,0,3,7,3,1,2,csv,1,0,0,latin1,0,0,1,10,10,100,0.7455138662316476,0.08941256278972107,0.1761827079934747,2.16,0.20551626899960954,3.210562356900551,17.62423114701843,0.016260264611345755,0.7142857142857143,0.7285507979404618,0.06999999999999999,0.7272745096374466,0,1.22320029719122,613,3,3,sidtwr_videogames-sales-dataset
2,1,0,0,8,8,3,1,1,csv,1,0,0,utf-8,0,0,1,11,11,121,0.7321122212130388,0.06636832859769369,0.9196185286103542,11.264462809917356,6489.484306420717,-0.007869741127503712,0.7608796894447224,5.238131652661074,0.3333333333333333,0.6991373034380153,0.018706666666666667,0.6980058616083914,0,0.3409205926141883,734,2,2,claudiodavi_superhero-set
0,0,0,0,168,167,1,1,1,csv,1,0,0,utf-8,0,0,0,168,168,28224,1.0,0.002998500749625197,0.0,0.0,0.0,0.0,0.0,0.0,0.0,0.08565469652291505,0.0,0.08552627868704857,0,4.533733133433284,667,2,2,claudiodavi_superhero-set
60,21,0,1,37,112,7,1,41,csv,1,0,0,utf-8,0,0,1,119,119,14161,1.0,0.6293290043290044,1.0,0.021608643457382958,410.5891512193617,0.15837406839147755,0.02403408493130353,1.9991682487425702,0.25925925925925924,0.5134199134199136,0.6444432136210965,0.4588539616948708,0,367.81818181818176,11,4,4,mdabbert_ultimate-ufc-dataset
0,2,0,0,2,4,0,1,2,csv,1,0,0,utf-8,0,0,0,4,4,16,0.0,0.5555555555555556,0.0,0.0,0.0,0.0,-3.0,0.0,1.0,0.5,0.0,0.4444444444444444,0,2.6666666666666665,9,4,4,mdabbert_ultimate-ufc-dataset
82,21,0,1,15,104,15,1,3,csv,1,0,0,utf-8,0,0,1,119,119,14161,0.32123025952512557,0.06085987491579145,1.0,10.535414165666266,266.970536655713,0.06023493971216112,2.7366149114132003,1.8344436380620017,0.20388349514563106,0.7236885511935298,0.02710906017286303,0.7220472944703773,0,337.72200000000015,4896,4,4,mdabbert_ultimate-ufc-dataset
60,21,0,1,37,119,0,1,46,csv,1,0,0,utf-8,0,0,1,119,119,14161,0.0,0.7055322128851539,1.0,0.021184944566061722,161.18805953638795,0.04176444345706819,-0.15732399877818196,1.7126278657350889,0.25925925925925924,0.5175403494731224,0.6498263852665063,0.45316228343189113,0,370.2222222222223,9,4,4,mdabbert_ultimate-ufc-dataset
6,0,0,0,22,21,7,1,2,csv,1,0,0,utf-8,0,0,1,28,28,784,0.808286951144094,0.0915897390021379,1.0,0.3635204081632653,0.0,0.0,0.0,0.0,0.0,0.5067351754618341,0.0,0.4808970015314821,0,0.48484848484848486,231,33,33,prasertk_animal-crossing-new-horizons-with-image-url
15,0,0,0,20,14,21,1,5,csv,1,0,0,utf-8,0,0,1,35,35,1225,0.8741837764394156,0.3008916448279943,0.9770114942528736,0.7967346938775508,0.0,0.0,0.0,0.0,0.0,0.49336901325945703,0.0,0.38229678904189174,0,2.5551413482447964,87,33,33,prasertk_animal-crossing-new-horizons-with-image-url
4,0,0,0,26,22,8,1,14,csv,1,0,0,utf-8,0,0,1,30,30,900,0.8017857142857143,0.29237390516460277,1.0,0.49666666666666676,0.0,0.0,0.0,0.0,0.0,0.18539475354439963,0.0,0.18257016027316578,0,12.857142857142858,70,33,33,prasertk_animal-crossing-new-horizons-with-image-url
6,0,0,0,20,16,10,1,5,csv,1,0,0,utf-8,0,0,1,26,26,676,0.6777732683982685,0.13172743055555558,1.0,0.29733727810650884,0.0,0.0,0.0,0.0,0.0,0.36165478801169587,0.0,0.3564890166859568,0,0.2708333333333333,96,33,33,prasertk_animal-crossing-new-horizons-with-image-url
5,0,0,0,21,21,5,1,2,csv,1,0,0,utf-8,0,0,1,26,26,676,1.0,0.034225788755699704,0.02888583218707015,0.03550295857988166,0.0,0.0,0.0,0.0,0.0,0.4881288479745103,0.0,0.4874560996987954,0,0.8225584594222833,727,33,33,prasertk_animal-crossing-new-horizons-with-image-url
6,0,0,0,23,29,0,1,19,csv,1,0,0,utf-8,0,0,1,29,29,841,0.0,0.4439655172413791,1.0,0.02140309155766944,0.0,0.0,0.0,0.0,0.0,0.43171866447728513,0.0,0.3832881013197105,0,0.0,9,33,33,prasertk_animal-crossing-new-horizons-with-image-url
1,0,0,0,6,3,4,1,1,csv,1,0,0,utf-8,0,0,0,7,7,49,1.0,0.026836158192090398,0.0,0.0,0.0,0.0,0.0,0.0,0.0,0.45836037985334777,0.0,0.4564181748539691,0,0.5635593220338984,236,33,33,prasertk_animal-crossing-new-horizons-with-image-url
5,0,0,0,23,21,7,1,2,csv,1,0,0,utf-8,0,0,1,28,28,784,0.7888064316635744,0.020595380391722234,0.07575757575757576,0.1096938775510204,0.0,0.0,0.0,0.0,0.0,0.4700140885135944,0.0,0.46950171018238196,0,0.36363636363636354,924,33,33,prasertk_animal-crossing-new-horizons-with-image-url
3,0,0,0,10,7,6,1,4,csv,1,0,0,utf-8,0,0,1,13,13,169,0.9473684210526315,0.23308270676691728,0.9473684210526315,0.10650887573964497,0.0,0.0,0.0,0.0,0.0,0.09941520467836258,0.0,0.09418282548476456,0,0.0,19,33,33,prasertk_animal-crossing-new-horizons-with-image-url
5,0,0,0,45,36,14,1,2,csv,1,0,0,utf-8,0,0,1,50,50,2500,0.9214285714285714,0.10454107301298626,0.775,0.34639999999999993,0.0,0.0,0.0,0.0,0.0,0.6018246031903972,0.0,0.5894593149297881,0,1.875,80,33,33,prasertk_animal-crossing-new-horizons-with-image-url
4,0,0,0,18,13,9,1,2,csv,1,0,0,utf-8,0,0,1,22,22,484,0.742553950419119,0.14466499104236416,1.0,1.171487603305785,0.0,0.0,0.0,0.0,0.0,0.4370974148097155,0.0,0.4345063863624027,0,0.8651685393258426,178,33,33,prasertk_animal-crossing-new-horizons-with-image-url
3,0,0,0,13,10,6,1,4,csv,1,0,0,utf-8,0,0,0,16,16,256,0.9155251141552512,0.04520547945205479,0.0,0.0,0.0,0.0,0.0,0.0,0.0,0.21902587519025873,0.0,0.21602552073559772,0,0.4383561643835616,73,33,33,prasertk_animal-crossing-new-horizons-with-image-url
6,0,0,0,22,21,7,1,2,csv,1,0,0,utf-8,0,0,1,28,28,784,0.8007305194805195,0.04920549569033963,1.0,1.1607142857142858,0.0,0.0,0.0,0.0,0.0,0.49750263179571774,0.0,0.4967794032755916,0,1.0738636363636365,704,33,33,prasertk_animal-crossing-new-horizons-with-image-url
6,0,0,0,31,34,3,1,0,csv,1,0,0,utf-8,0,0,1,37,37,1369,1.0,0.02787762142689943,1.0,15.696859021183345,0.0,0.0,0.0,0.0,0.0,0.6841694913335227,0.0,0.6835735244025665,0,0.814,3291,33,33,prasertk_animal-crossing-new-horizons-with-image-url
5,0,0,0,42,24,23,1,3,csv,1,0,0,utf-8,0,0,1,47,47,2209,0.6703265605759211,0.2251861419468174,0.8625,0.46129470348574025,0.0,0.0,0.0,0.0,0.0,0.6687619534825245,0.0,0.6495601402772564,0,0.5875,80,33,33,prasertk_animal-crossing-new-horizons-with-image-url
5,0,0,0,31,29,7,1,0,csv,1,0,0,utf-8,0,0,1,36,36,1296,0.573468232537046,0.027015978100506672,1.0,6.217592592592593,0.0,0.0,0.0,0.0,0.0,0.570716128105664,0.0,0.5694474323944154,0,2.7720000000000002,1307,33,33,prasertk_animal-crossing-new-horizons-with-image-url
3,0,0,0,14,11,6,1,6,csv,1,0,0,utf-8,0,0,1,17,17,289,1.0,0.03527975783614881,0.07142857142857142,0.05536332179930796,0.0,0.0,0.0,0.0,0.0,0.202029847096121,0.0,0.19990393100956005,0,4.5102040816326525,98,33,33,prasertk_animal-crossing-new-horizons-with-image-url
5,0,0,0,14,11,8,1,0,csv,1,0,0,utf-8,0,0,1,19,19,361,0.8279319987722948,0.08662066360966124,1.0,4.578947368421052,0.0,0.0,0.0,0.0,0.0,0.4219201658123531,0.0,0.41584290716160877,0,0.37464788732394366,355,33,33,prasertk_animal-crossing-new-horizons-with-image-url
5,0,0,0,18,20,3,1,14,csv,1,0,0,utf-8,0,0,1,23,23,529,1.0,0.11339514066496156,1.0,11.826086956521738,0.0,0.0,0.0,0.0,0.0,0.27878031205808335,0.0,0.2786911879173999,0,7.520999999999999,3128,33,33,prasertk_animal-crossing-new-horizons-with-image-url
4,0,0,0,12,11,5,1,8,csv,1,0,0,utf-8,0,0,0,16,16,256,1.0,0.00764279967819791,0.0,0.0,0.0,0.0,0.0,0.0,0.0,0.18185385832502368,0.0,0.18145152678005683,0,0.2831858407079646,452,33,33,prasertk_animal-crossing-new-horizons-with-image-url
0,0,0,0,6,2,4,1,2,csv,1,0,0,utf-8,0,0,1,6,6,36,1.0,0.1647727272727273,0.8181818181818182,1.0,0.0,0.0,0.0,0.0,0.0,0.45454545454545453,0.0,0.44421487603305776,0,0.13636363636363635,44,33,33,prasertk_animal-crossing-new-horizons-with-image-url
12,0,0,0,16,17,11,1,1,csv,1,0,0,utf-8,0,0,1,28,28,784,0.664427450398975,0.09956362419964829,1.0,7.543367346938777,0.0,0.0,0.0,0.0,0.0,0.597723178101529,0.0,0.5877019542860871,0,1.8850574712643677,609,33,33,prasertk_animal-crossing-new-horizons-with-image-url
4,0,0,0,19,18,5,1,0,csv,1,0,0,utf-8,0,0,1,23,23,529,1.0,0.13949435500095853,1.0,0.8147448015122873,0.0,0.0,0.0,0.0,0.0,0.6012459347859536,0.0,0.5790367305496538,0,0.6865671641791045,134,33,33,prasertk_animal-crossing-new-horizons-with-image-url
5,0,0,0,45,36,14,1,6,csv,1,0,0,utf-8,0,0,1,50,50,2500,0.9464285714285714,0.18247500323174115,1.0,0.20160000000000003,0.0,0.0,0.0,0.0,0.0,0.3760190878739434,0.0,0.3611406145477816,0,2.5,40,33,33,prasertk_animal-crossing-new-horizons-with-image-url
6,0,0,0,21,22,5,1,3,csv,1,0,0,utf-8,0,0,1,27,27,729,1.0,0.08756512259909685,1.0,0.8463648834019205,0.0,0.0,0.0,0.0,0.0,0.5249499514827892,0.0,0.5237744093751912,0,0.5908096280087527,457,33,33,prasertk_animal-crossing-new-horizons-with-image-url
6,0,0,0,21,22,5,1,6,csv,1,0,0,utf-8,0,0,1,27,27,729,1.0,0.0858371997071069,1.0,0.6159122085048011,0.0,0.0,0.0,0.0,0.0,0.4969405451790189,0.0,0.4954947971047279,0,0.9257142857142857,350,33,33,prasertk_animal-crossing-new-horizons-with-image-url
1,0,0,0,9,3,7,1,2,csv,1,0,0,utf-8,0,0,1,10,10,100,0.9841269841269842,0.06714103265827404,0.6825396825396826,0.8400000000000001,0.0,0.0,0.0,0.0,0.0,0.44067482387838336,0.0,0.4308533824416278,0,0.7936507936507936,63,33,33,prasertk_animal-crossing-new-horizons-with-image-url
7,0,0,0,18,20,5,1,6,csv,1,0,0,utf-8,0,0,1,25,25,625,0.727363184079602,0.18691838502637675,1.0,1.5376000000000003,0.0,0.0,0.0,0.0,0.0,0.3166022407096759,0.0,0.31466948232657993,0,0.24875621890547264,201,33,33,prasertk_animal-crossing-new-horizons-with-image-url
6,0,0,0,21,20,7,1,2,csv,1,0,0,utf-8,0,0,1,27,27,729,0.7882562277580071,0.0376212345836366,1.0,1.7078189300411524,0.0,0.0,0.0,0.0,0.0,0.45292667556639304,0.0,0.44853774218337594,0,0.54,1124,33,33,prasertk_animal-crossing-new-horizons-with-image-url
4,0,0,0,16,13,7,1,5,csv,1,0,0,utf-8,0,0,1,20,20,400,0.8955223880597014,0.1487753539992346,1.0,0.27249999999999996,0.0,0.0,0.0,0.0,0.0,0.3021344327314477,0.0,0.29745354503791793,0,0.29850746268656714,67,33,33,prasertk_animal-crossing-new-horizons-with-image-url
1,0,0,0,23,9,15,1,0,csv,1,0,0,utf-8,0,0,1,24,24,576,0.839386189258312,0.02642796248934356,0.0025575447570332483,0.001736111111111111,0.0,0.0,0.0,0.0,0.0,0.7917896255492162,0.0,0.7897645881437197,0,26.51662404092071,391,33,33,prasertk_animal-crossing-new-horizons-with-image-url
5,0,0,0,30,29,6,1,1,csv,1,0,0,utf-8,0,0,1,35,35,1225,0.6442834453445182,0.05469945769612721,1.0,2.3763265306122445,0.0,0.0,0.0,0.0,0.0,0.6121610991949215,0.0,0.6073627767023508,0,0.9150326797385622,459,33,33,prasertk_animal-crossing-new-horizons-with-image-url
4,0,0,0,25,22,7,1,2,csv,1,0,0,utf-8,0,0,1,29,29,841,0.8380603157973509,0.11293915628967936,1.0,1.9357907253269915,0.0,0.0,0.0,0.0,0.0,0.5503894917629482,0.0,0.5465986194680215,0,0.7617818211621998,249,33,33,prasertk_animal-crossing-new-horizons-with-image-url
7,0,0,0,4,3,8,1,1,csv,1,0,0,utf-8,0,0,0,11,11,121,0.9845,0.008333333333333333,0.0,0.0,0.0,0.0,0.0,0.0,0.0,0.3781755088421755,0.0,0.37779733333333326,0,22.583000000000002,1000,1,1,aayushmishra1512_twitchdata
8,3,0,0,4,8,7,1,1,csv,1,0,0,utf-8,0,0,0,15,15,225,0.9726672171758877,0.038222543352601154,0.0,0.0,3753043.8735384494,7.699998244015978,247.11338229885268,0.07730839956427013,0.2727272727272727,0.5915445293981952,0.014434729090909093,0.5912025961442077,0,12.885,1730,1,1,dhruvildave_top-play-store-games
1,0,0,1,4,3,3,1,1,csv,1,0,0,utf-8,0,0,1,6,6,36,0.5589248009090889,0.003475177304964539,0.0060638297872340425,3.1666666666666665,0.0,0.0,0.0,0.0,0.0,0.9449277821100338,0.0,0.9448775199939639,0,0.348,18800,1,1,deepcontractor_top-video-games-19952021-metacritic
20,21,0,0,12,44,9,1,3,csv,1,0,0,utf-8,0,0,1,53,53,2809,0.6801124767212253,0.03679004689378458,0.919260700389105,0.9757920968316123,417.5374007858108,1.2290579413678757,19.47602638979319,0.6476898832718823,0.5121951219512195,0.6704563642365536,0.014698536585365855,0.6697208900153432,0,2.813421451787649,1028,3,3,mariotormo_complete-pokemon-dataset-updated-090420
17,21,0,0,13,41,10,1,2,csv,1,0,0,utf-8,0,0,1,51,51,2601,0.6309318515236415,0.03414913181147967,0.9205741626794258,0.9411764705882353,472.83841144139615,1.7086888951602688,27.849838767616504,0.7104019491667575,0.5526315789473685,0.6960186805135625,0.015632368421052634,0.6952674435426406,0,3.8324862385321112,1045,3,3,mariotormo_complete-pokemon-dataset-updated-090420
17,21,0,0,13,42,9,1,3,csv,1,0,0,utf-8,0,0,1,51,51,2601,0.6801565425337412,0.03846522041199748,0.919260700389105,1.0388312187620148,450.17752895380556,1.3259108849800583,21.029054141783867,0.7049536432952845,0.5526315789473685,0.7021703955564405,0.01582289473684211,0.7014007512459333,0,2.6043710021321966,1028,3,3,mariotormo_complete-pokemon-dataset-updated-090420
1,0,0,1,2,1,3,1,1,csv,1,0,0,utf-8,0,0,0,4,4,16,0.7538940809968847,0.14018691588785046,0.0,0.0,0.0,0.0,0.0,0.0,0.0,0.7543643096455651,0.0,0.74731417591056,0,0.07476635514018691,107,4,4,jessemostipak_animal-crossing
4,0,0,0,12,11,5,1,3,csv,1,0,0,utf-8,0,0,1,16,16,256,0.9060598727414823,0.05073010772578445,0.9986856516976998,91.953125,0.0,0.0,0.0,0.0,0.0,0.5864479146167325,0.0,0.5859174209062382,0,0.38921507760532154,4565,4,4,jessemostipak_animal-crossing
1,0,0,1,2,2,2,1,1,csv,1,0,0,utf-8,0,0,0,4,4,16,0.9994998332777593,0.009336445481827277,0.0,0.0,0.0,0.0,0.0,0.0,0.0,0.8491388390303996,0.0,0.8488556983705027,0,0.23600000000000002,2999,4,4,jessemostipak_animal-crossing
1,0,0,0,10,3,8,1,4,csv,1,0,0,utf-8,0,0,1,11,11,121,0.8947132857719747,0.03836317135549872,0.030690537084398978,0.10743801652892562,0.0,0.0,0.0,0.0,0.0,0.7795483856864931,0.0,0.7775546557998267,0,2.951002826759994,391,4,4,jessemostipak_animal-crossing
10,2,0,0,5,13,4,1,2,csv,1,0,0,utf-8,0,0,1,17,17,289,0.6052060737527115,0.036877806716531604,0.0021691973969631237,0.0034602076124567475,12.643972564279922,0.3571025902618137,0.93750495805036,0.45387384384486973,0.16666666666666666,0.7122934257185941,0.013083333333333334,0.71074808084196,0,3.6138828633405633,461,1,1,mauryashubham_english-premier-league-players-dataset
12,18,0,1,6,27,10,1,4,csv,1,0,0,utf-8,0,0,1,37,37,1369,0.6350049543191407,0.14468384945349141,1.0,49.298758217677126,1005.3759641844498,0.8769985738643011,6.168783239402306,4.0170237931849,0.6,0.7993595133252313,0.051499500000000004,0.7950036326139751,0,0.33299999999999996,6349,2,2,gdaley_hkracing
17,17,0,0,3,36,1,1,1,csv,1,0,0,utf-8,0,0,1,37,37,1369,0.3387345679012346,0.013856723968875998,0.9959469835236069,440.710007304602,397.01150244278057,31.451830674377355,6689.609397719137,2.6497820882218868,0.5,0.8836512202654216,0.009283581471451766,0.8835914984849453,0,2.59,79447,2,2,gdaley_hkracing
37,1,0,0,17,53,2,1,3,csv,1,0,0,latin1,0,0,1,55,55,3025,0.9357546048722519,0.02400797307499889,1.0,7.189421487603305,0.0019604038299700336,-0.030523294844708802,0.9078579022618861,0.0026257452159694087,0.02631578947368421,0.656157108210126,0.0002680758463157895,0.6561077238887391,0,9.514999999999999,13464,1,1,divyansh22_online-gaming-anxiety-data
3,0,0,0,10,9,4,1,0,csv,1,0,0,utf-8,0,0,1,13,13,169,0.7750581395348838,0.062933069118467,1.0,1.6153846153846156,0.0,0.0,0.0,0.0,0.0,0.4792604349767972,0.0,0.4705651843195047,0,0.0,100,29,29,ruchi798_among-us-dataset
3,0,0,0,10,9,4,1,0,csv,1,0,0,utf-8,0,0,1,13,13,169,0.846875,0.06182860998650473,1.0,1.6863905325443787,0.0,0.0,0.0,0.0,0.0,0.4834424453417589,0.0,0.47480099310383067,0,0.0,100,29,29,ruchi798_among-us-dataset
3,0,0,0,10,11,2,1,0,csv,1,0,0,utf-8,0,0,1,13,13,169,1.0,0.2476732130691075,1.0,0.5739644970414202,0.0,0.0,0.0,0.0,0.0,0.6009997334044255,0.0,0.5633089605561032,0,0.0,31,29,29,ruchi798_among-us-dataset
3,0,0,0,10,9,4,1,0,csv,1,0,0,utf-8,0,0,1,13,13,169,0.7875,0.055272475610028356,1.0,1.5857988165680472,0.0,0.0,0.0,0.0,0.0,0.44532635984112773,0.0,0.43685968167700856,0,0.0,100,29,29,ruchi798_among-us-dataset
3,0,0,0,10,9,4,1,0,csv,1,0,0,utf-8,0,0,1,13,13,169,0.8475,0.059298245614035086,1.0,1.727810650887574,0.0,0.0,0.0,0.0,0.0,0.4775917975214435,0.0,0.46881315575732696,0,0.0,100,29,29,ruchi798_among-us-dataset
3,0,0,0,10,9,4,1,0,csv,1,0,0,utf-8,0,0,1,13,13,169,0.7796428571428571,0.0561707409206195,1.0,1.9112426035502958,0.0,0.0,0.0,0.0,0.0,0.4963506372586138,0.0,0.4878660755251252,0,0.0,100,29,29,ruchi798_among-us-dataset
3,0,0,0,10,10,3,1,0,csv,1,0,0,utf-8,0,0,1,13,13,169,0.9914529914529915,0.15761256287572079,1.0,0.57396449704142,0.0,0.0,0.0,0.0,0.0,0.5174739295791927,0.0,0.49105669441566224,0,0.0,39,29,29,ruchi798_among-us-dataset
3,0,0,0,10,9,4,1,0,csv,1,0,0,utf-8,0,0,1,13,13,169,0.8111111111111112,0.08253968253968252,1.0,1.1479289940828403,0.0,0.0,0.0,0.0,0.0,0.4744773744773744,0.0,0.46134353741496603,0,0.0,70,29,29,ruchi798_among-us-dataset
3,0,0,0,10,9,4,1,1,csv,1,0,0,utf-8,0,0,1,13,13,169,0.8020833333333334,0.08086820586820588,1.0,1.3431952662721893,0.0,0.0,0.0,0.0,0.0,0.45595452625969063,0.0,0.44359978893182955,0,0.0,72,29,29,ruchi798_among-us-dataset
3,0,0,0,10,10,3,1,1,csv,1,0,0,utf-8,0,0,1,13,13,169,0.98,0.07161246612466124,1.0,1.7159763313609466,0.0,0.0,0.0,0.0,0.0,0.5026288551061386,0.0,0.4934572182930502,0,0.0,100,29,29,ruchi798_among-us-dataset
3,0,0,0,10,10,3,1,0,csv,1,0,0,utf-8,1,0,1,13,13,169,0.7456140350877193,0.1375438596491228,1.0,0.5857988165680473,0.0,0.0,0.0,0.0,0.0,0.4675467209496248,0.0,0.4456716297322253,0,0.0,38,29,29,ruchi798_among-us-dataset
3,0,0,0,10,9,4,1,0,csv,1,0,0,utf-8,0,0,1,13,13,169,0.8582432432432433,0.06365833765621677,1.0,1.7218934911242605,0.0,0.0,0.0,0.0,0.0,0.5063066954674552,0.0,0.49715992599188497,0,0.0,100,29,29,ruchi798_among-us-dataset
3,0,0,0,10,9,4,1,1,csv,1,0,0,utf-8,0,0,1,13,13,169,0.7763020833333334,0.09529320987654322,1.0,1.2781065088757397,0.0,0.0,0.0,0.0,0.0,0.4306606251641713,0.0,0.4169131515775034,0,0.0,64,29,29,ruchi798_among-us-dataset
3,0,0,0,10,10,3,1,1,csv,1,0,0,utf-8,0,0,1,13,13,169,0.9957805907172995,0.0858527223502486,1.0,1.3313609467455623,0.0,0.0,0.0,0.0,0.0,0.5140450328093731,0.0,0.5034303364369077,0,0.0,79,29,29,ruchi798_among-us-dataset
3,0,0,0,10,9,4,1,0,csv,1,0,0,utf-8,0,0,1,13,13,169,0.8025,0.057228132387706854,1.0,1.710059171597633,0.0,0.0,0.0,0.0,0.0,0.49011410005916695,0.0,0.4806731414415773,0,0.0,100,29,29,ruchi798_among-us-dataset
3,0,0,0,10,10,3,1,0,csv,1,0,0,utf-8,0,0,1,13,13,169,0.9743243243243244,0.13014800514800515,1.0,0.5207100591715976,0.0,0.0,0.0,0.0,0.0,0.4920104908935493,0.0,0.47018971073942123,0,0.0,37,29,29,ruchi798_among-us-dataset
3,0,0,0,10,9,4,1,1,csv,1,0,0,utf-8,0,0,1,13,13,169,0.8092105263157894,0.1681454981539871,1.0,0.5976331360946745,0.0,0.0,0.0,0.0,0.0,0.4658232571645135,0.0,0.43944834839446445,0,0.0,38,29,29,ruchi798_among-us-dataset
3,0,0,0,10,9,4,1,0,csv,1,0,0,utf-8,0,0,1,13,13,169,0.815,0.06183462532299741,1.0,1.6568047337278107,0.0,0.0,0.0,0.0,0.0,0.46365033285626267,0.0,0.4546863582416923,0,0.0,100,29,29,ruchi798_among-us-dataset
3,0,0,0,10,11,2,1,1,csv,1,0,0,utf-8,0,0,1,13,13,169,0.9848484848484849,0.24372915760475566,1.0,0.6390532544378698,0.0,0.0,0.0,0.0,0.0,0.5964788003065515,0.0,0.5551961315496949,0,0.0,33,29,29,ruchi798_among-us-dataset
3,0,0,0,10,9,4,1,0,csv,1,0,0,utf-8,0,0,1,13,13,169,0.8032692307692307,0.065,1.0,1.710059171597633,0.0,0.0,0.0,0.0,0.0,0.4794628638532882,0.0,0.4706232638888889,0,0.0,100,29,29,ruchi798_among-us-dataset
3,0,0,0,10,10,3,1,0,csv,1,0,0,utf-8,1,0,1,13,13,169,0.46913580246913583,0.14353535353535352,1.0,0.9349112426035503,0.0,0.0,0.0,0.0,0.0,0.5015085189354034,0.0,0.47855388764185064,0,0.0,54,29,29,ruchi798_among-us-dataset
3,0,0,0,10,9,4,1,0,csv,1,0,0,utf-8,0,0,1,13,13,169,0.8156702898550725,0.12865636778680256,1.0,0.6331360946745561,0.0,0.0,0.0,0.0,0.0,0.4517826524691514,0.0,0.4310132559308557,0,0.0,46,29,29,ruchi798_among-us-dataset
3,0,0,0,10,10,3,1,0,csv,1,0,0,utf-8,0,0,1,13,13,169,0.9688644688644689,0.08176821899328293,1.0,1.662721893491124,0.0,0.0,0.0,0.0,0.0,0.549728995116635,0.0,0.5398849666609534,0,0.0,91,29,29,ruchi798_among-us-dataset
3,0,0,0,10,9,4,1,0,csv,1,0,0,utf-8,0,0,1,13,13,169,0.7776470588235295,0.06882824344812649,1.0,1.7514792899408282,0.0,0.0,0.0,0.0,0.0,0.4829665854324723,0.0,0.4729101954435794,0,0.0,100,29,29,ruchi798_among-us-dataset
3,0,0,0,10,10,3,1,1,csv,1,0,0,utf-8,0,0,1,13,13,169,0.9904761904761905,0.14729465979940362,1.0,0.5266272189349113,0.0,0.0,0.0,0.0,0.0,0.47721921026475106,0.0,0.4507018266815816,0,0.0,35,29,29,ruchi798_among-us-dataset
3,0,0,0,10,9,4,1,0,csv,1,0,0,utf-8,0,0,1,13,13,169,0.773888888888889,0.0698442776478952,1.0,1.4378698224852071,0.0,0.0,0.0,0.0,0.0,0.4219204733280107,0.0,0.41172074673371056,0,0.0,100,29,29,ruchi798_among-us-dataset
3,0,0,0,10,9,4,1,0,csv,1,0,0,utf-8,0,0,1,13,13,169,0.7803048780487806,0.06775599128540305,1.0,1.5029585798816567,0.0,0.0,0.0,0.0,0.0,0.4231293325410972,0.0,0.4133149899611261,0,0.0,100,29,29,ruchi798_among-us-dataset
3,0,0,0,10,9,4,1,0,csv,1,0,0,utf-8,0,0,1,13,13,169,0.7772727272727273,0.056850317666594465,1.0,1.408284023668639,0.0,0.0,0.0,0.0,0.0,0.4484376192538961,0.0,0.43959935588932075,0,0.0,100,29,29,ruchi798_among-us-dataset
3,0,0,0,10,9,4,1,0,csv,1,0,0,utf-8,0,0,1,13,13,169,0.8080357142857142,0.06271165309139992,1.0,1.5088757396449706,0.0,0.0,0.0,0.0,0.0,0.4639100017308009,0.0,0.45511409345484516,0,0.0,100,29,29,ruchi798_among-us-dataset
36,0,0,1,1,35,3,1,2,csv,1,0,0,utf-8,0,0,1,38,38,1444,0.9446906178953619,0.0016774396977953946,0.0038283591815456795,5.214681440443213,0.0,0.0,0.0,0.0,0.0,0.7345854209304095,0.0,0.7345814266196486,0,2.3939999999999997,184152,4,4,gamersclub_brazilian-csgo-plataform-dataset-by-gamers-club
1,0,0,0,2,1,2,1,2,csv,1,0,0,utf-8,0,0,0,3,3,9,1.0,0.0425531914893617,0.0,0.0,0.0,0.0,0.0,0.0,0.0,0.0425531914893617,0.0,0.04164780443639658,0,0.0,47,4,4,gamersclub_brazilian-csgo-plataform-dataset-by-gamers-club
4,0,0,2,1,4,3,1,1,csv,1,0,0,utf-8,0,0,1,7,7,49,0.9475431606905711,0.0017488954344624448,0.2606774668630339,14.448979591836734,0.0,0.0,0.0,0.0,0.0,0.12506509410166072,0.0,0.1250190465706955,0,0.007,2716,4,4,gamersclub_brazilian-csgo-plataform-dataset-by-gamers-club
4,0,0,3,0,6,1,1,0,csv,1,0,0,utf-8,0,0,1,7,7,49,1.0,0.06284691150683103,0.5494495412844037,696.4285714285714,0.0,0.0,0.0,0.0,0.0,0.8983214188259993,0.0,0.8982828279710913,0,1.337,32700,4,4,gamersclub_brazilian-csgo-plataform-dataset-by-gamers-club
1,5,0,0,5,9,2,1,2,csv,1,0,0,utf-8,0,0,1,11,11,121,0.8462164116158573,0.01611150848100286,0.018616700807326185,2.735537190082645,0.5785610443241723,15.090758025906247,538.2491735271268,0.038847637607320316,0.8333333333333334,0.8739517256271874,0.016043333333333337,0.8738989429936818,0,4.026,16598,1,1,arslanali4343_sales-of-video-games
6,3,0,1,5,7,8,1,1,csv,1,0,0,utf-8,0,0,1,15,15,225,0.6286275639987937,0.022558426999409024,0.6434367486591456,1437.3955555555556,697.2518687042971,0.10313529929817726,-0.3455462723524307,12.406595925438717,0.3333333333333333,0.9605207719181168,0.006823444444444445,0.9605096634467477,0,4.23,86512,2,2,gpreda_covid-world-vaccination-progress
1,0,0,1,2,3,1,1,0,csv,1,0,0,utf-8,0,0,0,4,4,16,0.8199758582937989,0.0049219137448652086,0.0,0.0,0.0,0.0,0.0,0.0,0.0,0.9279326009232512,0.0,0.9279065522299672,0,1.484,35623,2,2,gpreda_covid-world-vaccination-progress
0,0,0,0,23,23,0,1,1,csv,1,0,0,utf-8,0,0,0,23,23,529,0.0,0.0006368676813734934,0.0,0.0,0.0,0.0,0.0,0.0,0.0,0.5170697051995817,0.0,0.5170060580177502,0,0.0,8124,1,1,uciml_mushroom-classification
2,2,0,0,4,2,6,1,1,csv,1,0,0,utf-8,0,0,1,8,8,64,0.7017114720876476,0.05459770114942529,0.6264367816091954,4.234375,0.37125974032761416,0.03784762119318848,-0.6284598499224298,0.20526140600000264,0.0,0.6605208956215534,0.166717196425,0.6567247985202801,0,8.781609195402298,174,11,11,kimjihoo_coronavirusdataset
2,0,0,4,8,11,3,1,0,csv,1,0,0,utf-8,0,0,1,14,14,196,0.6803127875606799,0.04194865776300402,1.0,126.87755102040819,0.0,0.0,0.0,0.0,0.0,0.7574056322093932,0.0,0.7570042288595353,0,16.289578144853873,5165,11,11,kimjihoo_coronavirusdataset
1,0,0,2,4,2,5,1,2,csv,1,0,0,utf-8,0,0,1,7,7,49,0.7033296286005373,0.07377049180327869,0.6065573770491803,0.7959183673469388,0.0,0.0,0.0,0.0,0.0,0.4202185792349727,0.0,0.4133297500671863,0,0.0,61,11,11,kimjihoo_coronavirusdataset
5,5,0,0,2,2,10,1,1,csv,1,0,0,utf-8,0,0,0,12,12,144,0.7549180327868852,0.07991803278688525,0.0,0.0,9.870942624703414,0.3000717731971671,0.020770949636997504,1.1072093537666663,0.5,0.8549045402415165,0.05006097497999999,0.851400833109379,0,4.278688524590164,244,11,11,kimjihoo_coronavirusdataset
0,4,0,1,0,0,5,1,1,csv,1,0,0,utf-8,0,0,0,5,5,25,0.6869671132764921,0.0,0.0,0.0,20.680022547868695,18.69566362874231,530.6499720032064,0.03534174028130325,1.0,0.0,0.0539127325,0.0,0,0.0,1642,11,11,kimjihoo_coronavirusdataset
3,0,0,1,3,7,0,1,1,csv,1,0,0,utf-8,0,0,0,7,7,49,0.0,0.0027794285714285716,0.0,0.0,0.0,0.0,0.0,0.0,0.0,0.7483349100023915,0.0,0.7483334133325804,0,0.812,500000,11,11,kimjihoo_coronavirusdataset
6,0,0,1,0,1,6,1,7,csv,1,0,0,utf-8,0,0,0,7,7,49,0.8854805725971371,0.012269938650306749,0.0,0.0,0.0,0.0,0.0,0.0,0.0,0.38491251988184505,0.0,0.3825510933795024,0,4.50920245398773,163,11,11,kimjihoo_coronavirusdataset
3,0,0,1,1,4,1,1,2,csv,1,0,0,utf-8,0,0,0,5,5,25,0.7594123048668503,0.05463728191000918,0.0,0.0,0.0,0.0,0.0,0.0,0.0,0.6869421150002701,0.0,0.6863113141600492,0,0.02,1089,11,11,kimjihoo_coronavirusdataset
3,0,0,1,1,2,3,1,2,csv,1,0,0,utf-8,0,0,0,5,5,25,0.6349862258953168,0.006198347107438017,0.0,0.0,0.0,0.0,0.0,0.0,0.0,0.25103734439834025,0.0,0.25,0,0.3305785123966942,242,11,11,kimjihoo_coronavirusdataset
4,0,0,1,1,6,0,1,2,csv,1,0,0,utf-8,0,0,0,6,6,36,0.0,0.08041621556598098,0.0,0.0,0.0,0.0,0.0,0.0,0.0,0.7902879705181003,0.0,0.7900027709617986,0,0.060000000000000005,2771,11,11,kimjihoo_coronavirusdataset
2,6,0,1,1,10,0,1,1,csv,1,0,0,utf-8,0,0,1,10,10,100,0.0,0.017075842516899885,0.0017890449545125804,0.8099999999999999,80.90874577103547,1.4613142194963178,23.234491825825923,4.697033431335597,0.75,0.9025700607175136,0.00941375,0.902535693164141,0,2.869999999999999,26271,11,11,kimjihoo_coronavirusdataset
0,4,0,0,1,3,2,1,1,csv,1,0,0,utf-8,1,0,0,5,5,25,0.26,0.10666666666666667,0.0,0.0,1.1347073333333333,0.06670006370911002,-0.7656823989531716,0.7226168650793648,1.0,0.8426547352721849,0.10025,0.837037037037037,0,0.0,150,1,1,arshid_iris-flower-dataset
0,83,0,0,3,39,47,1,0,csv,1,0,0,utf-8,0,0,1,86,86,7396,0.28367105476079707,0.1804931858590099,0.4493746514777344,14.98918334234722,3.1123100288918044,-0.7304741175007812,5.529612569945722,0.8214752973072613,1.0,0.99914178488843,0.02249154065518072,0.9990538704693349,0,1209.4180000000006,12553,3,3,piotrgrabo_breastcancerproteomes
13,0,0,0,17,25,5,1,1,csv,1,0,0,utf-8,0,0,1,30,30,900,0.8342857142857142,0.04304761904761904,0.8952380952380953,0.10444444444444444,0.0,0.0,0.0,0.0,0.0,0.5481684981684982,0.0,0.5429478458049887,0,7.7142857142857135,105,3,3,piotrgrabo_breastcancerproteomes
0,0,0,0,4,1,3,1,1,csv,1,0,0,utf-8,0,0,0,4,4,16,0.6666666666666666,0.01,0.0,0.0,0.0,0.0,0.0,0.0,0.0,0.0,0.0,0.0,0,4.0,100,3,3,piotrgrabo_breastcancerproteomes
8,7,0,0,31,35,11,1,4,csv,1,0,0,utf-8,0,0,1,46,46,2116,0.6862718073773698,0.11423465154620674,1.0,425.7745746691873,8.42243504492994,1.2578917535835836,6.410874973358982,0.7183525249345333,0.4666666666666667,0.6422109065035364,0.0086379458,0.613594524220419,0,146.98308809185752,65188,1,1,kevinarvai_clinvar-conflicting
26,0,0,0,1,27,0,1,0,csv,1,0,0,utf-8,0,0,0,27,27,729,0.0,7.2484100261878e-6,0.0,0.0,0.0,0.0,0.0,0.0,0.0,0.4154850631638754,0.0,0.4154837516579942,0,0.0,316800,2,2,iamhungundji_covid19-symptoms-checker
0,0,0,0,7,5,2,1,3,csv,1,0,0,utf-8,0,0,1,7,7,49,1.0,1.0,0.8125,1.2448979591836735,0.0,0.0,0.0,0.0,0.0,1.0,0.0,0.7400000000000002,0,1.4000000000000001,16,2,2,iamhungundji_covid19-symptoms-checker
7,0,0,0,1,7,1,1,0,csv,1,0,0,utf-8,0,0,0,8,8,64,1.0,0.08098101483674196,0.0,0.0,0.0,0.0,0.0,0.0,0.0,0.7367898377072415,0.0,0.7367744007645866,0,8.215999999999996,47729,1,1,usharengaraju_ecological-footprint
9,2,0,0,3,9,5,1,1,csv,1,0,0,utf-8,0,0,0,14,14,196,0.7862600000000001,0.006177777777777777,0.0,0.0,654561170.0753856,-0.012636590809818216,-0.24279952883541112,8727.611843248947,0.18181818181818182,0.6399546643553244,0.013215791909090908,0.6398906688888892,0,0.042,10000,1,1,shubh0799_churn-modelling
7,2,0,0,0,6,3,1,0,csv,1,0,0,utf-8,0,0,0,9,9,81,0.4127604166666667,0.06618923611111112,0.0,0.0,6.909853575023322,0.1653351027700027,0.9791166075458327,0.5316261777777778,0.2222222222222222,0.8595883356873824,0.011991111111111112,0.8584690800419557,0,0.9140625,768,1,1,kandij_diabetes-dataset
9,1,0,0,2,5,7,1,2,csv,1,0,0,utf-8,0,0,0,12,12,144,0.29825517993456924,0.07099236641221375,0.0,0.0,5.716284381015091,0.08705071914835832,-0.07129382960662838,0.29993426400966194,0.1,0.5139715129712498,0.010336,0.5120097896392984,0,25.118614210217267,262,4,4,jamzing_sars-coronavirus-accession
1,0,0,0,16,12,5,1,9,csv,1,0,0,utf-8,0,0,1,17,17,289,0.5883206751054852,0.4465661164162164,1.0,1.619377162629758,0.0,0.0,0.0,0.0,0.0,0.20533573046730944,0.0,0.1825702911437137,0,39.379746835443036,79,4,4,jamzing_sars-coronavirus-accession
1,0,0,0,16,16,1,1,9,csv,1,0,0,utf-8,0,0,1,17,17,289,1.0,0.3417269187986652,1.0,8.560553633217992,0.0,0.0,0.0,0.0,0.0,0.373238226268637,0.0,0.37238897370517987,0,17.036637931034484,464,4,4,jamzing_sars-coronavirus-accession
0,0,0,0,4,4,0,1,2,csv,1,0,0,utf-8,0,0,0,4,4,16,0.0,0.6875,0.0,0.0,0.0,0.0,0.0,0.0,0.0,0.8571428571428571,0.0,0.75,0,12.0,8,2,2,usharengaraju_indian-women-in-defense
8,0,0,0,1,8,1,1,1,csv,1,0,0,utf-8,0,0,0,9,9,81,1.0,0.09047268310332351,0.0,0.0,0.0,0.0,0.0,0.0,0.0,0.7672608657109168,0.0,0.7672410367744918,0,9.0,38694,2,2,usharengaraju_indian-women-in-defense
132,0,0,0,1,132,1,1,4,csv,1,0,0,utf-8,0,0,0,133,133,17689,0.9761904761904762,0.047438672438672336,0.0,0.0,0.0,0.0,0.0,0.0,0.0,0.10392250026396353,0.0,0.1014481550195837,0,0.0,42,2,2,kaushil268_disease-prediction-using-machine-learning
132,0,0,0,2,134,0,1,2,csv,1,0,0,utf-8,1,0,1,134,134,17956,0.0,0.007923795655867006,1.0,0.27400311873468475,0.0,0.0,0.0,0.0,0.0,0.10343192777232141,0.0,0.10341090502277413,0,0.0,4920,2,2,kaushil268_disease-prediction-using-machine-learning
3,8,0,0,3,11,3,1,0,csv,1,0,0,utf-8,1,0,0,14,14,196,0.4939412895901392,0.053564771226549214,0.0,0.0,26.23007214481676,0.5535949257610923,4.399599751975513,1.1387203132734964,0.7272727272727273,0.9366281961716726,0.050014327835472105,0.9365630937739563,0,11.871999999999995,14387,3,3,futurecorporation_epitope-prediction
2,8,0,0,3,11,2,1,6,csv,1,0,0,utf-8,0,0,0,13,13,169,0.6159413154785348,0.03224247198252712,0.0,0.0,0.4041531244670903,0.42322708991594754,1.6734423608087887,0.13965729804788432,0.8,0.4535019968298148,0.02979374918601795,0.45347967002807804,0,15.262,20312,3,3,futurecorporation_epitope-prediction
3,8,0,0,3,7,7,1,7,csv,1,0,0,utf-8,1,0,0,14,14,196,0.7153846153846154,0.002197802197802198,0.0,0.0,2.2189118668541554,0.4710642239733394,3.435311456432903,0.11529864226416855,0.7272727272727273,0.056321327997628574,0.1606058488783728,0.05621301775147929,0,16.665384615384614,520,3,3,futurecorporation_epitope-prediction
0,77,0,0,5,4,78,1,1,csv,1,0,0,utf-8,0,0,1,82,82,6724,0.999652057284813,0.003240740740740741,0.4888888888888889,0.20761451516954194,0.07001478363804214,0.7844804476127425,4.512731419191124,0.09725484670550587,1.0,0.593141797961075,0.04822081682584418,0.5925925925925926,0,2982.3222941118374,1080,1,1,ruslankl_mice-protein-expression
9,2,0,0,3,9,5,1,1,csv,1,0,0,utf-8,0,0,0,14,14,196,0.7862600000000001,0.006177777777777777,0.0,0.0,654561170.0753856,-0.012636590809818216,-0.24279952883541112,8727.611843248947,0.18181818181818182,0.6399546643553244,0.013215791909090908,0.6398906688888892,0,0.056,10000,1,1,santoshd3_bank-customers
7,2,0,0,0,6,3,1,0,csv,1,0,0,utf-8,0,0,0,9,9,81,0.4127604166666667,0.06618923611111112,0.0,0.0,6.909853575023322,0.1653351027700027,0.9791166075458327,0.5316261777777778,0.2222222222222222,0.8595883356873824,0.011991111111111112,0.8584690800419557,0,0.8203125,768,1,1,uciml_pima-indians-diabetes-database
1,30,0,0,2,2,31,1,1,csv,1,0,0,utf-8,0,0,1,33,33,1089,0.9019218776574635,0.5017574692442882,1.0,0.5224977043158862,14551.689095425052,1.6798212281477707,7.486168075197154,13.563956923030409,0.967741935483871,0.23417658852941906,0.054175161290322564,0.23376503037734625,0,6.611599297012303,569,1,1,uciml_breast-cancer-wisconsin-data
4,3,0,0,5,10,2,1,1,csv,1,0,0,utf-8,0,0,1,12,12,144,0.889334637964775,0.010980725924148267,0.03933463796477495,1.3958333333333333,374.72929332584806,0.35568870252069196,0.5777798758052775,5.751620446819855,0.42857142857142855,0.5121425022183194,0.007818571428571428,0.5120414805171218,0,1.452,5110,1,1,fedesoriano_stroke-prediction-dataset
2,2,0,0,3,5,2,1,0,csv,1,0,0,utf-8,1,0,0,7,7,49,0.7044095665171898,0.009118086696562033,0.0,0.0,36635700.91340947,0.44947707119791924,0.38519956452994,1252.709141989375,0.5,0.6530087103514661,0.040122556375,0.6525206619879749,0,0.063,1338,1,1,mirichoi0218_insurance
6,1,0,0,5,11,1,1,0,csv,1,0,0,utf-8,0,0,0,12,12,144,0.24183006535947713,0.030402059813824513,0.0,0.0,0.16233324314959585,0.14588570044479862,0.16999888560532853,0.08516557231588284,0.14285714285714285,0.6465817107936551,0.012142857142857144,0.6458773734180627,0,0.8758169934640523,918,1,1,fedesoriano_heart-failure-prediction
10,3,0,0,0,10,3,1,1,csv,1,0,0,utf-8,0,0,0,13,13,169,0.5930880713489409,0.047826086956521734,0.0,0.0,733359745.2579525,0.4853477887939206,2.404804475926295,3453.7301452724373,0.23076923076923078,0.6457902179524591,0.02100170923076923,0.643630384447601,0,0.47826086956521735,299,1,1,andrewmvd_heart-failure-clinical-data
0,18,0,0,2,2,18,1,2,csv,1,0,0,utf-8,0,0,0,20,20,400,0.8717375093214021,0.03691275167785235,0.0,0.0,2.826437514956784,-0.11550178882642248,0.45695146849876256,0.514572634259259,1.0,0.43442771630691096,0.12671833333333338,0.43151209404981755,0,0.0,149,2,2,ajaypalsinghlo_world-happiness-report-2021
1,9,0,0,1,3,8,1,1,csv,1,0,0,utf-8,0,0,1,11,11,121,0.4242902338144004,0.09562095196788674,0.12365315546434069,3.0826446280991733,5.906347446715913,-0.3031624324036553,0.23825296653442846,0.7076397972730074,0.9,0.9747697911564178,0.0298514,0.9742682418933925,0,0.16499999999999998,1949,2,2,ajaypalsinghlo_world-happiness-report-2021
0,0,0,0,1,0,1,1,0,csv,1,0,0,utf-8,0,0,0,1,1,1,1.0,0.0,0.0,0.0,0.0,0.0,0.0,0.0,0.0,0.0,0.0,0.0,0,0.0,70000,1,1,sulianova_cardiovascular-disease-dataset
3,1,0,0,14,18,0,1,0,csv,1,0,0,utf-8,1,0,0,18,18,324,0.0,0.0006493743387691078,0.0,0.0,10.099970856865726,0.333106098279275,0.9724909426045787,0.9098895845585658,0.25,0.4190826723109915,0.001988,0.41908136183811795,0,0.0,319795,1,1,kamilpytlak_personal-key-indicators-of-heart-disease
6,3,0,0,3,7,5,1,1,csv,1,0,0,utf-8,0,0,1,12,12,144,0.6959633027522936,0.04401405323228474,1.0,8.604166666666666,0.018497697967127753,0.1250253334836019,0.1130366700737393,0.014209599999999996,0.3333333333333333,0.6288118794811022,0.023793333333333336,0.6265026136163817,0,5.587155963302753,436,2,2,jboysen_mri-and-alzheimers
7,3,0,0,5,9,6,1,3,csv,1,0,0,utf-8,0,0,1,15,15,225,0.63047363717605,0.026620612636983072,0.05093833780160858,0.09333333333333332,0.016031048856816336,0.1630763473404632,0.1484913265971645,0.012606815277777761,0.3,0.631394053097709,0.021197,0.6296878750645436,0,17.935656836461124,373,2,2,jboysen_mri-and-alzheimers
14,8,0,0,0,22,0,1,0,csv,1,0,0,utf-8,1,0,0,22,22,484,0.0,0.03162148293851023,0.0,0.0,1.4747371663933926,1.6152402381939068,17.942290629419006,0.16426517380548455,0.36363636363636365,0.7598916395430148,0.012468181818181817,0.7595342116786956,0,0.066,2126,1,1,andrewmvd_fetal-health-classification
6,0,0,2,8,5,11,1,1,csv,1,0,0,utf-8,0,0,1,16,16,256,0.6381351001803318,0.00591662083756007,0.41352087114337566,21.63671875,0.0,0.0,0.0,0.0,0.0,0.4248783224012305,0.0,0.42483976597699274,0,11.696000000000002,11020,1,1,gpreda_pfizer-vaccine-tweets
5,5,0,0,1,8,3,1,0,csv,1,0,0,utf-8,1,0,1,11,11,121,0.3384791309319611,0.09358419466934471,0.00686106346483705,0.03305785123966942,4.827606337149019,0.8760188250510199,5.114987153763773,0.19995499057337543,0.5,0.801215356301529,0.03401,0.7998397003816616,0,0.22641509433962262,583,1,1,uciml_indian-liver-patient-records
13,1,0,0,0,12,2,1,1,csv,1,0,0,utf-8,1,0,0,14,14,196,0.400990099009901,0.04317931793179317,0.0,0.0,0.09597471769807817,0.09024468032779728,0.1092994701072146,0.05688219558219557,0.07142857142857142,0.6091950254628111,0.011428571428571429,0.60718448082432,0,0.9702970297029703,303,1,1,nareshbhat_health-care-data-set-on-heart-attack-possibility
13,3,0,0,0,15,1,1,0,csv,1,0,0,utf-8,0,0,1,16,16,256,0.3230623370466935,0.014971587506907384,0.13732892873997168,2.51953125,40.252582897971855,0.17752695386364656,0.3798443442133501,1.4379840017779129,0.1875,0.6029178596347483,0.00377125,0.6027734951387936,0,0.016,4238,1,1,dileep070_heart-disease-prediction-using-logistic-regression
44,3,0,0,0,44,3,1,2,csv,1,0,0,utf-8,0,0,1,47,47,2209,0.8327927927927927,0.004418928518748599,1.0,37.16251697600725,32058923.921103016,0.08615402777814019,0.09089118651458307,399.8948306800357,0.06382978723404255,0.5231132654181097,0.0024078321023617024,0.5229863534876488,0,2.9140000000000006,10175,6,6,cdc_national-health-and-nutrition-examination-survey
117,50,0,0,1,128,40,1,16,csv,1,0,0,utf-8,0,0,1,168,168,28224,0.5479250828341359,0.051408586561464346,1.0,24.977962018140584,23398665.868769396,1.3918459128338074,19.154072414087967,175.91641640769006,0.2994011976047904,0.4712261574826482,0.00881284808914621,0.4691790903450972,0,10.583999999999994,9813,6,6,cdc_national-health-and-nutrition-examination-survey
173,21,0,0,30,219,5,1,12,csv,1,0,0,utf-8,0,0,1,224,224,50176,0.5484666335207212,0.022797547284044067,1.0,20.228415975765305,21.40183721763532,0.013926495627020561,-0.008364018796197569,0.8331629534327989,0.10824742268041238,0.5411297204673902,0.0024616597938144327,0.5407706594506645,0,8.064000000000002,9813,6,6,cdc_national-health-and-nutrition-examination-survey
271,153,0,0,0,360,64,1,7,csv,1,0,0,utf-8,0,0,1,424,424,179776,0.5292125432342402,0.021239529873509643,1.0,14.14959727661085,1413577699.578,3.4968754057358917,96.44670903150241,851.865167254715,0.3608490566037736,0.44112291316632046,0.012757611537510717,0.4408811798799882,0,39.43199999999998,9813,6,6,cdc_national-health-and-nutrition-examination-survey
5,0,0,0,8,8,5,1,1,csv,1,0,0,latin1,1,0,1,13,13,169,0.3230403114448532,0.02226446839066635,0.9937110032682975,725.112426035503,0.0,0.0,0.0,0.0,0.0,0.7949845915543985,0.0,0.7949288908913097,0,0.5720000000000001,20194,6,6,cdc_national-health-and-nutrition-examination-survey
944,3,0,0,6,909,44,1,208,csv,1,0,0,utf-8,0,0,1,953,953,908209,0.4710560210112045,0.08676279066097627,1.0,8.150562260448854,239.83983849235491,0.001613462785780375,0.000045593346259905936,0.0036659751189358535,0.0031678986272439284,0.39822965902597696,0.00020623020063357972,0.38316156700849296,0,1012.8516724645004,10175,6,6,cdc_national-health-and-nutrition-examination-survey
0,0,0,0,18,18,0,1,1,csv,1,0,0,utf-8,1,0,1,18,18,324,0.0,0.012112588963468118,0.9853658536585366,145.03703703703704,0.0,0.0,0.0,0.0,0.0,0.8387384539681819,0.0,0.8378725402739682,0,0.0,4920,4,4,itachi9604_disease-symptom-description-dataset
1,0,0,0,1,1,1,1,0,csv,1,0,0,utf-8,0,0,0,2,2,4,0.9924812030075187,0.05263157894736842,0.0,0.0,0.0,0.0,0.0,0.0,0.0,0.7952836637047164,0.0,0.7893040872858839,0,0.0,133,4,4,itachi9604_disease-symptom-description-dataset
0,0,0,0,2,0,2,1,0,csv,1,0,0,utf-8,0,0,0,2,2,4,1.0,0.0,0.0,0.0,0.0,0.0,0.0,0.0,0.0,0.0,0.0,0.0,0,0.0,41,4,4,itachi9604_disease-symptom-description-dataset
0,0,0,0,5,0,5,1,0,csv,1,0,0,utf-8,0,0,1,5,5,25,0.7919512195121952,0.0,0.04878048780487805,0.08,0.0,0.0,0.0,0.0,0.0,0.0,0.0,0.0,0,0.0,41,4,4,itachi9604_disease-symptom-description-dataset
4,1,0,0,9,12,2,1,1,csv,1,0,0,utf-8,1,0,0,14,14,196,0.3843537414965986,0.03061224489795919,0.0,0.0,0.16456654634642973,0.30818220566029864,0.4246985554678034,0.0,0.2,0.46136418162259213,0.024,0.459794915698706,0,1.5714285714285712,294,1,1,imnikhilanand_heart-attack-prediction
1,1,0,0,4,4,2,1,0,csv,1,0,0,utf-8,0,0,0,6,6,36,0.6375,0.015000000000000001,0.0,0.0,25.9623029048875,0.5157649151796565,0.17034744880548636,2.0865645,0.5,0.5917462311557788,0.0619,0.5887875,0,0.0,200,1,1,prathamtripathi_drug-classification
0,12,0,0,2,1,13,1,1,csv,1,0,0,utf-8,0,0,1,14,14,196,0.9853598014888336,0.0064516129032258064,0.9548387096774194,1.510204081632653,237.81866359739752,0.5675770349494556,2.9405187565064117,7.957102821226608,1.0,0.4384591293454432,0.12234106020666667,0.43704474505723206,0,8.129032258064516,310,1,1,sammy123_lower-back-pain-symptoms-dataset
2,1,0,0,0,2,1,1,1,csv,1,0,0,utf-8,0,0,0,3,3,9,0.4347357371840336,0.00031206559051320603,0.0,0.0,0.0,0.0,-1.0,0.0,0.3333333333333333,0.46419000747641315,0.0,0.46417683859197734,0,0.0,35249,10,10,shivan118_healthcare-analytics
7,0,0,0,1,7,1,1,0,csv,1,0,0,utf-8,0,0,0,8,8,64,0.4347357371840336,0.0024195215264465456,0.0,0.0,0.0,0.0,0.0,0.0,0.0,0.3423973935058719,0.0,0.34238767982907264,0,0.04,35249,10,10,shivan118_healthcare-analytics
3,1,0,0,1,3,2,1,1,csv,1,0,0,utf-8,0,0,1,5,5,25,0.5929559343840463,0.3364425860405275,1.0,248.71999999999997,0.020907422025628213,-0.020257295691671166,-0.3017171180675193,0.061959062479311974,0.25,0.5868878878074604,0.0167663129,0.5867935024925991,0,2.66,6218,10,10,shivan118_healthcare-analytics
2,0,0,0,4,3,3,1,0,csv,1,0,0,utf-8,0,0,0,6,6,36,0.9076923076923077,0.06153846153846154,0.0,0.0,0.0,0.0,0.0,0.0,0.0,0.472275641025641,0.0,0.46500986193293886,0,0.09230769230769231,65,10,10,shivan118_healthcare-analytics
7,1,0,0,3,10,1,1,0,csv,1,0,0,utf-8,0,0,1,11,11,121,1.0,0.022058687590137533,0.9692291340047299,1324.9173553719008,9.567109555121725,-0.05037700238639544,-0.027255270706408596,0.8485705128205113,0.125,0.5552142846172713,0.0205980197875,0.5550688631516116,0,0.044,37633,10,10,shivan118_healthcare-analytics
2,1,0,0,0,2,1,1,0,csv,1,0,0,utf-8,0,0,0,3,3,9,0.7830924670673999,0.013684614400818518,0.0,0.0,0.020727150834876442,0.012139058911204268,-0.3085815652739452,0.05668784171188342,0.3333333333333333,0.8808582684123667,0.005140930233333333,0.8807456122839087,0,1.257,7819,10,10,shivan118_healthcare-analytics
7,0,0,0,1,7,1,1,0,csv,1,0,0,utf-8,0,0,0,8,8,64,0.4347357371840336,0.0024195215264465456,0.0,0.0,0.0,0.0,0.0,0.0,0.0,0.3423973935058719,0.0,0.34238767982907264,0,0.032,35249,10,10,shivan118_healthcare-analytics
4,0,0,0,0,3,1,1,0,csv,1,0,0,utf-8,0,0,0,4,4,16,0.819646968534152,0.0010232796111537476,0.0,0.0,0.0,0.0,0.0,0.0,0.0,0.7618140922128248,0.0,0.7616971598886173,0,0.0,6515,10,10,shivan118_healthcare-analytics
7,0,0,0,1,7,1,1,0,csv,1,0,0,utf-8,0,0,1,8,8,64,0.39623794468503415,0.0028301807961901323,0.0044368872711814875,5.21875,0.0,0.0,0.0,0.0,0.0,0.3425300173149831,0.0,0.3425254586736722,0,0.024,75278,10,10,shivan118_healthcare-analytics
14,0,0,0,2,16,0,1,0,csv,1,0,0,utf-8,1,0,0,16,16,256,0.0,0.013956310679611656,0.0,0.0,0.0,0.0,0.0,0.0,0.0,0.5029945782372968,0.0,0.5013667640682441,0,0.0,309,1,1,mysarahmadbhat_lung-cancer
1,30,0,0,1,1,31,1,0,csv,1,0,0,utf-8,0,0,0,32,32,1024,0.9019218776574635,0.0035149384885764497,0.0,0.0,14551.689095425052,1.6798212281477707,7.486168075197154,13.563956923030409,0.967741935483871,0.4683531770588381,0.054175161290322564,0.4675300607546925,0,6.52372583479789,569,1,1,yasserh_breast-cancer-dataset
2,4,0,0,23,29,0,1,7,csv,1,0,0,utf-8,0,0,1,29,29,841,0.0,0.03685203518955035,1.0,591.782401902497,550.3333803995743,0.6011100875110451,-0.27868355738289213,10.96426279888606,0.6666666666666666,0.614777102844658,0.009733333333333333,0.614768900239403,0,0.7830000000000001,85800,1,1,mazharkarimi_heart-disease-and-stroke-prevention
13,0,0,0,37,48,2,1,2,csv,1,0,0,utf-8,0,0,1,50,50,2500,0.8513845488670087,0.0005943061072710298,0.997071713538903,72.4672,0.0,0.0,0.0,0.0,0.0,0.3703995846363129,0.0,0.3703929717475247,0,48.24999999999999,101766,2,2,brandao_diabetes
0,0,0,0,2,0,2,1,0,csv,1,0,0,utf-8,0,0,0,2,2,4,0.6415929203539823,0.0,0.0,0.0,0.0,0.0,0.0,0.0,0.0,0.0,0.0,0.0,0,0.0,113,3,3,apryor6_us-opiate-prescriptions
0,0,0,0,4,0,4,1,1,csv,1,0,0,utf-8,0,0,0,4,4,16,0.99,0.0,0.0,0.0,0.0,0.0,0.0,0.0,0.0,0.0,0.0,0.0,0,0.0,50,3,3,apryor6_us-opiate-prescriptions
252,0,0,0,4,255,1,1,0,csv,1,0,0,utf-8,0,0,1,256,256,65536,1.0,0.00765426250417648,0.03052,0.0116424560546875,0.0,0.0,0.0,0.0,0.0,0.1949657779422891,0.0,0.19495797521484384,0,75.52743143143145,25000,3,3,apryor6_us-opiate-prescriptions
22,0,0,0,0,22,0,1,0,csv,1,0,0,utf-8,1,0,0,22,22,484,0.0,0.000037448754336171555,0.0,0.0,0.0,0.0,0.0,0.0,0.0,0.43169155386294095,0.0,0.43168985214599903,0,0.044,253680,1,1,alexteboul_heart-disease-health-indicators-dataset
7,2,0,0,0,6,3,1,0,csv,1,0,0,utf-8,0,0,0,9,9,81,0.4127604166666667,0.06618923611111112,0.0,0.0,6.909853575023322,0.1653351027700027,0.9791166075458327,0.5316261777777778,0.2222222222222222,0.8595883356873824,0.011991111111111112,0.8584690800419557,0,0.8671875,768,1,1,whenamancodes_predict-diabities
0,0,0,0,9,9,0,1,2,csv,1,0,0,utf-8,1,1,1,9,9,81,0.0,0.22621406505295086,1.0,2659.481481481481,0.0,0.0,0.0,0.0,0.0,0.5232273039836074,0.0,0.5232224408564679,0,0.07200000000000001,107619,1,1,cdc_zika-virus-epidemic
2,10,0,0,2,4,10,1,2,csv,1,0,0,utf-8,0,0,1,14,14,196,0.5429010786230493,0.07032520325203252,0.04227642276422764,0.15816326530612246,693.9057419542319,3.6089690075410155,45.57411998849909,4.723483765467736,0.8333333333333334,0.6687309658112868,0.04798483333333334,0.6676435983872031,0,0.06832975821614894,615,1,1,fedesoriano_hepatitis-c-dataset
3,3,0,0,28,34,0,1,10,csv,1,0,0,utf-8,1,0,1,34,34,1156,0.0,0.3008206189035461,1.0,4515.817474048443,53903487.6573402,19.999317585412054,2730.4449678699043,12.089268310825346,0.5,0.5715582667553294,0.007559553333333333,0.5715565260479927,0,1.7000000000000002,403984,1,1,cdc_chronic-disease
2,3,0,0,7,9,3,1,2,csv,1,0,0,utf-8,0,0,1,12,12,144,0.5692535059180873,0.01957084605067726,0.07867328953693319,5.7430555555555545,328.6072888542823,14.570673128229254,1110.6570568236298,2.539711583391288,0.6,0.600757034241169,0.044529277820000004,0.6006597902034201,0,1.488,6241,18,18,ikiulian_global-hospital-beds-capacity-for-covid19
2,3,0,0,7,7,5,1,4,csv,1,0,0,utf-8,0,0,1,12,12,144,0.5851190476190476,0.3095238095238096,1.0,4.666666666666667,912.5671885746599,0.7538320833572957,6.768791034037548,8.430367483333331,0.6,0.40647781500659963,0.11465636000000001,0.4052680596047943,0,5.285714285714286,336,18,18,ikiulian_global-hospital-beds-capacity-for-covid19
1,3,0,0,8,9,3,1,5,csv,1,0,0,utf-8,0,0,1,12,12,144,0.7169670802511797,0.005189430117796881,0.01518624641833811,0.3680555555555556,54.565023875347656,1.9250566193148388,35.0839465489997,3.2818214581033374,0.75,0.4122212996885012,0.021477960075,0.412103184702917,0,1.176,3490,18,18,ikiulian_global-hospital-beds-capacity-for-covid19
2,3,0,0,7,7,5,1,8,csv,1,0,0,utf-8,0,0,1,12,12,144,0.9739130434782609,0.3167701863354039,1.0,0.3194444444444445,159.8266268627221,0.14612031848462995,-0.12331690179706652,5.302227200000001,0.6,0.0,0.36663335999999996,0.0,0,5.217391304347826,23,18,18,ikiulian_global-hospital-beds-capacity-for-covid19
2,3,0,0,7,7,5,1,6,csv,1,0,0,utf-8,0,0,1,12,12,144,0.7758793969849246,0.30078966259870776,1.0,2.7708333333333335,1022.3510903546088,0.39137290259328755,1.141098106309472,9.883546782426052,0.6,0.11131414649002588,0.18497552892685695,0.11075477891972427,0,5.125628140703518,199,18,18,ikiulian_global-hospital-beds-capacity-for-covid19
2,3,0,0,7,7,5,1,8,csv,1,0,0,utf-8,0,0,1,12,12,144,0.9085714285714286,0.3061224489795918,1.0,0.4861111111111111,40.1729862989649,0.07090903978142783,-0.23810141409546653,2.5910442799999993,0.6,0.0,0.24287199999999998,0.0,0,5.828571428571428,35,18,18,ikiulian_global-hospital-beds-capacity-for-covid19
2,3,0,0,7,6,6,1,7,csv,1,0,0,utf-8,0,0,1,12,12,144,0.6632653061224489,0.02040816326530612,0.24489795918367346,0.08333333333333333,1.1166397039595255,0.27687193065398485,0.8212482540340303,0.48857547582222194,0.6,0.0,0.12208184000000002,0.0,0,3.183673469387755,49,18,18,ikiulian_global-hospital-beds-capacity-for-covid19
2,3,0,0,7,7,5,1,8,csv,1,0,0,utf-8,0,0,1,12,12,144,1.0,0.17460317460317457,1.0,0.1875,30.464614797963492,0.000701029918987972,-0.11822571349905964,2.3393051099999997,0.6,0.0,0.175585,0.0,0,8.0,27,18,18,ikiulian_global-hospital-beds-capacity-for-covid19
2,3,0,0,7,7,5,1,8,csv,1,0,0,utf-8,0,0,1,12,12,144,0.8903225806451612,0.3087557603686636,1.0,0.4305555555555556,39.3838652112383,0.20205559337494378,0.0548323904656006,2.6509124999999987,0.6,0.0,0.27212,0.0,0,5.806451612903226,31,18,18,ikiulian_global-hospital-beds-capacity-for-covid19
2,3,0,0,7,7,5,1,6,csv,1,0,0,utf-8,0,0,1,12,12,144,0.9783783783783784,0.1814671814671814,1.0,0.2569444444444445,4974.025262633111,1.184590557180106,6.075731484279642,1.8161800961917536,0.6,0.10767910767910768,0.18377899879999998,0.10476886152561828,0,4.216216216216217,37,18,18,ikiulian_global-hospital-beds-capacity-for-covid19
3,3,0,0,6,7,5,1,7,csv,1,0,0,utf-8,0,0,1,12,12,144,0.99,0.18571428571428575,1.0,0.1388888888888889,2.2890262520694544,-0.005631150419328508,-0.35527017873101147,0.6616630709166661,0.5,0.0,0.21020516666666667,0.0,0,9.0,20,18,18,ikiulian_global-hospital-beds-capacity-for-covid19
2,3,0,0,7,9,3,1,7,csv,1,0,0,utf-8,0,0,0,12,12,144,0.6817313812858052,0.005375203338284178,0.0,0.0,40.641320185174024,2.21637137009982,65.34906886432931,2.3711641110503527,0.6,0.32128159316202876,0.044607922179999995,0.32117933931315473,0,1.5,3142,18,18,ikiulian_global-hospital-beds-capacity-for-covid19
2,3,0,0,7,7,5,1,5,csv,1,0,0,utf-8,0,0,1,12,12,144,0.4678260869565217,0.2993788819875776,1.0,1.5972222222222223,806.7089103727787,-0.015730544795095634,1.5008547202331899,4.472533333333332,0.6,0.15349242671897137,0.14118,0.15215770996489333,0,5.739130434782608,115,18,18,ikiulian_global-hospital-beds-capacity-for-covid19
2,3,0,0,7,12,0,1,5,csv,1,0,0,utf-8,0,0,1,12,12,144,0.0,0.5555555555555556,1.0,0.125,1647.76502186675,0.40664088674478016,0.17222809633869335,20.003438916166665,0.6,0.5648148148148148,1.037126,0.5020576131687243,0,9.333333333333332,9,18,18,ikiulian_global-hospital-beds-capacity-for-covid19
2,3,0,0,7,7,5,1,7,csv,1,0,0,utf-8,0,0,1,12,12,144,1.0,0.19327731092436976,1.0,0.11805555555555557,81.62857006128253,0.5508459495668492,2.5192680592427563,0.8052550931999995,0.6,0.0,0.298153274,0.0,0,9.176470588235293,17,18,18,ikiulian_global-hospital-beds-capacity-for-covid19
2,3,0,0,7,7,5,1,4,csv,1,0,0,utf-8,0,0,1,12,12,144,0.6476190476190476,0.17687074829931973,1.0,0.2916666666666667,2.645700242017136,0.29349461351361217,-0.4119474579696763,0.8322316140000006,0.6,0.2926829268292683,0.2107736,0.2857142857142857,0,1.7142857142857142,42,18,18,ikiulian_global-hospital-beds-capacity-for-covid19
2,3,0,0,7,7,5,1,6,csv,1,0,0,utf-8,0,0,1,12,12,144,0.7704081632653061,0.30102040816326536,1.0,2.7291666666666665,1008.3746154345881,0.33058408443433585,0.7490149903177757,9.804999973333334,0.6,0.12265081856918592,0.12408214000000002,0.12202504908669003,0,5.142857142857143,196,18,18,ikiulian_global-hospital-beds-capacity-for-covid19
2,3,0,0,7,9,3,1,3,csv,1,0,0,utf-8,0,0,0,12,12,144,0.5610595717369741,0.003209055370791761,0.0,0.0,42.676121441568604,1.7006353076981544,35.65564115269353,2.5438108769829,0.6,0.5540758380875349,0.029633666339999996,0.5539788529942237,0,1.2,5713,18,18,ikiulian_global-hospital-beds-capacity-for-covid19
0,0,0,0,10,2,8,1,0,csv,1,0,0,utf-8,0,1,1,10,10,100,0.7103658536585366,0.17073170731707318,0.13953488372093023,0.24,0.0,0.0,0.0,0.0,0.0,0.3146341463414634,0.0,0.3069601427721595,0,2.1951219512195124,43,7,7,dheerajmpai_hospitals-and-beds-in-india
0,0,0,0,4,0,4,1,0,csv,1,0,0,utf-8,0,1,1,4,4,16,0.8306451612903225,0.0,0.09090909090909091,0.5,0.0,0.0,0.0,0.0,0.0,0.0,0.0,0.0,0,0.25806451612903225,33,7,7,dheerajmpai_hospitals-and-beds-in-india
2,0,0,0,2,0,4,1,0,csv,1,0,0,utf-8,0,0,1,4,4,16,0.825,0.0,0.06451612903225806,0.25,0.0,0.0,0.0,0.0,0.0,0.0,0.0,0.0,0,0.0,31,7,7,dheerajmpai_hospitals-and-beds-in-india
0,0,0,0,4,0,4,1,0,csv,1,0,0,utf-8,0,0,0,4,4,16,0.8518518518518519,0.0,0.0,0.0,0.0,0.0,0.0,0.0,0.0,0.0,0.0,0.0,0,1.1851851851851851,27,7,7,dheerajmpai_hospitals-and-beds-in-india
0,0,0,0,7,0,7,1,0,csv,1,0,0,utf-8,0,0,1,7,7,49,0.8903474903474903,0.0,0.1891891891891892,0.14285714285714285,0.0,0.0,0.0,0.0,0.0,0.0,0.0,0.0,0,1.8918918918918919,37,7,7,dheerajmpai_hospitals-and-beds-in-india
0,0,0,0,4,4,0,1,3,csv,1,0,0,utf-8,0,1,1,4,4,16,0.0,1.0,1.0,1.4375,0.0,0.0,0.0,0.0,0.0,0.25,0.0,0.2142857142857143,0,0.0,8,7,7,dheerajmpai_hospitals-and-beds-in-india
0,0,0,0,6,1,5,1,0,csv,1,0,0,utf-8,0,0,1,6,6,36,0.968421052631579,0.2222222222222222,0.05263157894736842,0.08333333333333333,0.0,0.0,0.0,0.0,0.0,0.780952380952381,0.0,0.7592592592592592,0,9.0,38,7,7,dheerajmpai_hospitals-and-beds-in-india
2,3,0,0,4,4,5,1,1,csv,1,0,0,utf-8,0,0,0,9,9,81,0.6454545454545454,0.03282828282828283,0.0,0.0,137.9129356188144,0.43065922146157976,0.6709740987792954,5.111873333333332,0.6,0.6781648977080448,0.06277999999999999,0.6747398224670953,0,0.0,198,1,1,steveahn_memory-test-on-drugged-islanders-data
1,14,0,0,0,2,13,1,0,csv,1,0,0,utf-8,0,0,0,15,15,225,0.5231990231990231,0.18253968253968253,0.0,0.0,82.4774355705561,0.22909744382357836,6.188219639913328,3.6913436852765766,0.9333333333333333,0.9704199076709037,0.0888723333333333,0.9665690350214159,0,0.0,252,1,1,fedesoriano_body-fat-prediction-dataset
3,0,0,2,7,9,3,1,1,csv,1,0,0,utf-8,0,0,1,12,12,144,0.527797412351814,0.016360380041623438,0.6099618883968894,521.8263888888888,0.0,0.0,0.0,0.0,0.0,0.72440473787088,0.0,0.7243950456294674,0,9.024000000000001,90786,2,2,fda_adverse-food-events
15,36,0,0,0,15,36,1,1,csv,1,0,0,utf-8,0,0,1,51,51,2601,0.6870202591048318,0.011305441022187536,0.6363636363636364,0.7416378316032295,3462292.442440553,1.3063443800533332,19.70666487571486,104.99150538321352,0.7058823529411765,0.46889738785824836,0.19612846279294124,0.4684842693640643,0,10.469001406469761,1177,1,1,saurabhshahane_in-hospital-mortality-prediction
8,5,0,0,7,9,11,1,1,csv,1,0,0,utf-8,0,0,1,20,20,400,0.6574381396439966,0.018874792763397773,0.3397129186602871,2.582499999999999,351523.5318684954,0.6829153763899645,2.4707600844141284,41.493098959088876,0.38461538461538464,0.4669242045134027,0.04101207692307692,0.4656626609269485,0,0.3840682788051209,418,1,1,fedesoriano_cirrhosis-prediction-dataset
3,0,0,0,1,3,1,1,1,csv,1,0,0,utf-8,0,0,1,4,4,16,1.0,0.0017193087425384362,0.002288329519450801,0.5,0.0,0.0,0.0,0.0,0.0,0.25243637297976174,0.0,0.25229162935131766,0,1.524,1748,1,1,google-brain_messidor2-dr-grades
1,8,0,0,0,1,8,1,0,csv,1,0,0,utf-8,0,0,0,9,9,81,0.969047619047619,0.007936507936507936,0.0,0.0,76.13628148148149,0.01586812849177472,-0.8853198002452738,5.535888888888899,0.8888888888888888,0.8012718600953895,0.088784,0.8000000000000002,0,0.0,630,2,2,laavanya_human-stress-detection-in-and-through-sleep
4,0,0,2,2,5,3,1,1,csv,1,0,0,utf-8,0,0,1,8,8,64,0.530972373154412,0.0154716178882783,0.25488122860434226,1220.359375,0.0,0.0,0.0,0.0,0.0,0.8662363711681896,0.0,0.8662333214866214,0,0.368,306429,6,6,sudalairajkumar_novel-corona-virus-2019-dataset
494,2,0,0,2,36,462,1,1,csv,1,0,0,utf-8,0,0,1,498,498,248004,0.8905824463980583,0.1533816425120773,0.6956521739130435,0.0007822454476540702,12.384655825218095,-0.0010794542960091147,-0.0018117297865275852,0.16021292721774197,0.004032258064516129,0.38372346654955347,0.001087731451612903,0.38233316413451823,0,30188.249747219408,276,6,6,sudalairajkumar_novel-corona-virus-2019-dataset
497,2,0,0,6,116,389,1,2,csv,1,0,0,utf-8,0,0,1,505,505,255025,0.5909485423895913,0.05994242555562434,0.0047875523638539795,0.00006273894716204294,1.115178753284659,0.0007291116822996956,0.04439810386321794,0.023289316982276768,0.004008016032064128,0.43843759890850686,0.000481935154219281,0.43830640872331705,0,14110.709999999981,3342,6,6,sudalairajkumar_novel-corona-virus-2019-dataset
494,2,0,0,2,68,430,1,1,csv,1,0,0,utf-8,0,0,1,498,498,248004,0.5947585853143685,0.05717178175618074,0.6956521739130435,0.0007822454476540702,12.384655825218095,-0.0010794542960091147,-0.0018117297865275852,0.16021292721774197,0.004032258064516129,0.28301790281329925,0.001087731451612903,0.2819924756291931,0,8034.467138523747,276,6,6,sudalairajkumar_novel-corona-virus-2019-dataset
498,2,0,0,6,499,7,1,2,csv,1,0,0,utf-8,0,0,1,506,506,256036,0.9248765132546437,0.09417518460019977,0.0047875523638539795,0.00006249121217328813,1.11294839577809,0.0007276534589350963,0.04430930765549151,0.023242738348312215,0.004,0.7669104115764492,0.0004809712839108425,0.7666809350918371,0,715.4839999999928,3342,6,6,sudalairajkumar_novel-corona-virus-2019-dataset
494,2,0,0,2,49,449,1,1,csv,1,0,0,utf-8,0,0,1,498,498,248004,0.8668560386016814,0.12252717178825556,0.735632183908046,0.0007782132546249255,11.586070406315336,-0.0011717795300320078,-0.0014846788478499928,0.12876407409274201,0.004032258064516129,0.31320245162609694,0.0010361222762096775,0.31200244223289303,0,27422.79113300493,261,6,6,sudalairajkumar_novel-corona-virus-2019-dataset
13,1,0,0,0,12,2,1,1,csv,1,0,0,utf-8,1,0,0,14,14,196,0.400990099009901,0.04317931793179317,0.0,0.0,0.09597471769807817,0.09024468032779728,0.1092994701072146,0.05688219558219557,0.07142857142857142,0.6091950254628111,0.011428571428571429,0.60718448082432,0,1.2013201320132012,303,2,2,rashikrahmanpritom_heart-attack-analysis-prediction-dataset
0,1,0,0,0,1,0,1,0,csv,1,0,0,utf-8,1,0,0,1,1,1,0.0,0.004741980474198048,0.0,0.0,0.5274170472427903,-0.013128969926386382,-0.3893911690486904,0.7006774330549902,1.0,0.7097140242080096,0.00563,0.7095160565583003,0,0.0,3585,2,2,rashikrahmanpritom_heart-attack-analysis-prediction-dataset
6,0,0,1,2,5,4,1,2,csv,1,0,0,utf-8,0,0,1,9,9,81,0.7454030922142463,0.03905673599057083,0.975372722252899,436.14814814814815,0.0,0.0,0.0,0.0,0.0,0.7054926702361379,0.0,0.7048467543072502,0,4.968,18110,3,3,sudalairajkumar_covid19-in-india
22,0,0,0,2,2,22,1,0,csv,1,0,0,utf-8,0,0,1,24,24,576,0.829692098614078,0.015933715742511154,1.0,114.09895833333336,0.0,0.0,0.0,0.0,0.0,0.9842540437186709,0.0,0.9841285811254636,0,0.24,7845,3,3,sudalairajkumar_covid19-in-india
3,0,0,1,1,2,3,1,1,csv,1,0,0,utf-8,1,0,1,5,5,25,0.9149259124148327,0.01631366307541626,0.7822600391772772,801.6800000000001,0.0,0.0,0.0,0.0,0.0,0.9847573807405968,0.0,0.984697099314255,0,1.575,16336,3,3,sudalairajkumar_covid19-in-india
16,0,0,0,17,33,0,1,1,csv,1,0,0,utf-8,0,0,0,33,33,1089,0.0,0.014499424626006908,0.0,0.0,0.0,0.0,0.0,0.0,0.0,0.561781537017674,0.0,0.5603593052783886,0,0.0,395,2,2,uciml_student-alcohol-consumption
16,0,0,0,17,33,0,1,1,csv,1,0,0,utf-8,0,0,0,33,33,1089,0.0,0.008264462809917356,0.0,0.0,0.0,0.0,0.0,0.0,0.0,0.5597033509206082,0.0,0.5588409420594055,0,0.0,649,2,2,uciml_student-alcohol-consumption
